snapshot_date,flight_date,origin,destination,carrier,price
2025-11-13,2026-02-14,PVR,NLU,Viva,R$232
2025-11-13,2026-02-14,PVR,NLU,Aeromexico,R$536
2025-11-13,2026-02-14,PVR,NLU,Viva,R$232
2025-11-13,2026-02-14,SFO,GDL,Aeromexico,R$1193
2025-11-13,2026-02-14,BOG,MEX,Avianca,R$1155
2025-11-13,2026-02-14,BOG,MEX,Avianca,R$1155
2025-11-13,2026-02-14,BOG,MEX,Avianca,R$1155
2025-11-13,2026-02-14,BOG,MEX,Avianca,R$1155
2025-11-13,2026-02-14,BOG,MEX,Aeromexico,R$1595
2025-11-13,2026-02-14,BOG,MEX,Aeromexico,R$1595
2025-11-13,2026-02-14,BOG,MEX,Avianca,R$1155
2025-11-13,2026-02-14,BOG,MEX,Avianca,R$1155
2025-11-13,2026-02-14,BOG,MEX,Avianca,R$1155
2025-11-13,2026-02-14,BOG,MEX,Aeromexico,R$1595
2025-11-13,2026-02-14,BOG,MEX,Aeromexico,R$1595
2025-11-13,2026-02-14,FAT,GDL,Aeromexico,R$1225
2025-11-13,2026-02-14,FAT,GDL,Volaris,Price unavailable
2025-11-13,2026-02-14,FAT,GDL,Volaris,Price unavailable
2025-11-13,2026-02-14,FAT,GDL,Aeromexico,R$1225
2025-11-13,2026-02-14,FAT,GDL,Volaris,Price unavailable
2025-11-13,2026-02-14,GDL,ATL,Delta,R$1749
2025-11-13,2026-02-14,HAV,MEX,Aeromexico,R$1940
2025-11-13,2026-02-14,MEX,LAP,Aeromexico,R$843
2025-11-13,2026-02-14,MEX,LAP,Aeromexico,R$843
2025-11-13,2026-02-14,MEX,LAP,Volaris,Price unavailable
2025-11-13,2026-02-14,MEX,LAP,Aeromexico,R$843
2025-11-13,2026-02-14,MEX,LAP,Aeromexico,R$843
2025-11-13,2026-02-14,NLU,CLQ,Aeromexico,R$437
2025-11-13,2026-02-14,MEX,PVR,Viva,R$283
2025-11-13,2026-02-14,MEX,PVR,Viva,R$283
2025-11-13,2026-02-14,MEX,PVR,Aeromexico,R$541
2025-11-13,2026-02-14,MEX,PVR,Aeromexico,R$541
2025-11-13,2026-02-14,MEX,PVR,Volaris,Price unavailable
2025-11-13,2026-02-14,MEX,PVR,Aeromexico,R$869
2025-11-13,2026-02-14,MEX,PVR,Aeromexico,R$869
2025-11-13,2026-02-14,MEX,PVR,Viva,R$283
2025-11-13,2026-02-14,MEX,PVR,Viva,R$283
2025-11-13,2026-02-14,MEX,PVR,Aeromexico,R$541
2025-11-13,2026-02-14,MEX,PVR,Aeromexico,R$541
2025-11-13,2026-02-14,MEX,PVR,Aeromexico,R$869
2025-11-13,2026-02-14,MEX,PVR,Aeromexico,R$869
2025-11-13,2026-02-14,MTY,NRT,Aeromexico,R$5526
2025-11-13,2026-02-14,NLU,PVR,Viva,R$206
2025-11-13,2026-02-14,NLU,PVR,Aeromexico,R$373
2025-11-13,2026-02-14,NLU,PVR,Viva,R$206
2025-11-13,2026-02-14,CUL,MEX,Aeromexico,R$813
2025-11-13,2026-02-14,CUL,MEX,Aeromexico,R$813
2025-11-13,2026-02-14,CUL,MEX,Volaris,Price unavailable
2025-11-13,2026-02-14,CUL,MEX,Aeromexico,R$813
2025-11-13,2026-02-14,CUL,MEX,Aeromexico,R$813
2025-11-13,2026-02-14,MEX,TAP,Aeromexico,R$514
2025-11-13,2026-02-14,MEX,TAP,Aeromexico,R$598
2025-11-13,2026-02-14,MEX,TAP,Volaris,Price unavailable
2025-11-13,2026-02-14,MEX,TAP,Aeromexico,R$514
2025-11-13,2026-02-14,MEX,TAP,Aeromexico,R$598
2025-11-13,2026-02-14,LAX,GDL,Viva,R$400
2025-11-13,2026-02-14,LAX,GDL,Viva,R$400
2025-11-13,2026-02-14,LAX,GDL,Volaris,R$717
2025-11-13,2026-02-14,LAX,GDL,Volaris,R$717
2025-11-13,2026-02-14,LAX,GDL,Volaris,R$717
2025-11-13,2026-02-14,LAX,GDL,Volaris,R$717
2025-11-13,2026-02-14,LAX,GDL,Alaska,R$892
2025-11-13,2026-02-14,LAX,GDL,Alaska,R$1051
2025-11-13,2026-02-14,LAX,GDL,Viva,R$400
2025-11-13,2026-02-14,LAX,GDL,Viva,R$400
2025-11-13,2026-02-14,LAX,GDL,Volaris,R$717
2025-11-13,2026-02-14,LAX,GDL,Volaris,R$717
2025-11-13,2026-02-14,LAX,GDL,Volaris,R$717
2025-11-13,2026-02-14,LAX,GDL,Alaska,R$892
2025-11-13,2026-02-14,LAX,GDL,Alaska,R$1051
2025-11-13,2026-02-14,DFW,MEX,Volaris,R$717
2025-11-13,2026-02-14,DFW,MEX,Aeromexico,R$1209
2025-11-13,2026-02-14,DFW,MEX,American,R$1447
2025-11-13,2026-02-14,DFW,MEX,American,R$1447
2025-11-13,2026-02-14,DFW,MEX,American,R$1447
2025-11-13,2026-02-14,DFW,MEX,Aeromexico,R$1209
2025-11-13,2026-02-14,DFW,MEX,American,R$1447
2025-11-13,2026-02-14,DFW,MEX,American,R$1447
2025-11-13,2026-02-14,DFW,MEX,American,R$1447
2025-11-13,2026-02-14,MEX,TPA,Aeromexico,R$1262
2025-11-13,2026-02-14,ORD,MEX,Viva,R$536
2025-11-13,2026-02-14,ORD,MEX,Volaris,R$775
2025-11-13,2026-02-14,ORD,MEX,American,R$1649
2025-11-13,2026-02-14,ORD,MEX,United,R$1754
2025-11-13,2026-02-14,ORD,MEX,Aeromexico,R$2284
2025-11-13,2026-02-14,ORD,MEX,Viva,R$536
2025-11-13,2026-02-14,ORD,MEX,American,R$1649
2025-11-13,2026-02-14,ORD,MEX,United,R$1754
2025-11-13,2026-02-14,ORD,MEX,Aeromexico,R$2284
2025-11-13,2026-02-14,AMS,MEX,Aeromexico,R$8975
2025-11-13,2026-02-14,AMS,MEX,KLM,R$8983
2025-11-13,2026-02-14,AMS,MEX,Aeromexico,R$8975
2025-11-13,2026-02-14,DTW,QRO,Aeromexico,R$2151
2025-11-13,2026-02-14,MEX,LAX,Volaris,R$849
2025-11-13,2026-02-14,MEX,LAX,Viva,R$890
2025-11-13,2026-02-14,MEX,LAX,Aeromexico,R$1652
2025-11-13,2026-02-14,MEX,LAX,Aeromexico,R$1652
2025-11-13,2026-02-14,MEX,LAX,Aeromexico,R$1652
2025-11-13,2026-02-14,MEX,LAX,Aeromexico,R$1652
2025-11-13,2026-02-14,MEX,LAX,Volaris,R$849
2025-11-13,2026-02-14,MEX,LAX,Aeromexico,R$1652
2025-11-13,2026-02-14,MEX,LAX,Aeromexico,R$1652
2025-11-13,2026-02-14,MEX,LAX,Aeromexico,R$1652
2025-11-13,2026-02-14,MEX,LAX,Aeromexico,R$1652
2025-11-13,2026-02-14,OAX,MEX,Viva,R$223
2025-11-13,2026-02-14,OAX,MEX,Aeromexico,R$626
2025-11-13,2026-02-14,OAX,MEX,Aeromexico,R$936
2025-11-13,2026-02-14,OAX,MEX,Aeromexico,R$1007
2025-11-13,2026-02-14,OAX,MEX,Viva,R$223
2025-11-13,2026-02-14,OAX,MEX,Aeromexico,R$936
2025-11-13,2026-02-14,OAX,MEX,Aeromexico,R$1007
2025-11-13,2026-02-14,MEX,SLP,Aeromexico,R$861
2025-11-13,2026-02-14,MEX,SLP,Aeromexico,R$861
2025-11-13,2026-02-14,MEX,SLP,Aeromexico,R$861
2025-11-13,2026-02-14,MEX,SLP,Aeromexico,R$861
2025-11-13,2026-02-14,MEX,SLP,Aeromexico,R$861
2025-11-13,2026-02-14,MEX,SLP,Aeromexico,R$861
2025-11-13,2026-02-14,MEX,SLP,Aeromexico,R$861
2025-11-13,2026-02-14,MTT,MEX,Aeromexico,R$917
2025-11-13,2026-02-14,MTT,MEX,Aeromexico,R$917
2025-11-13,2026-02-14,MTT,MEX,Aeromexico,R$917
2025-11-13,2026-02-14,MEX,CDG,Air France,R$2582
2025-11-13,2026-02-14,MEX,CDG,Aeromexico,R$5179
2025-11-13,2026-02-14,MEX,CDG,Air France,R$5780
2025-11-13,2026-02-14,MEX,CDG,Air France,R$2582
2025-11-13,2026-02-14,MEX,CDG,Aeromexico,R$5179
2025-11-13,2026-02-14,ATL,GDL,Delta,R$3289
2025-11-13,2026-02-14,CEN,MEX,Aeromexico,R$835
2025-11-13,2026-02-14,MEX,EZE,Aeromexico,R$5726
2025-11-13,2026-02-14,EZE,MEX,Aeromexico,R$6832
2025-11-13,2026-02-14,MEX,CUN,Viva,R$188
2025-11-13,2026-02-14,MEX,CUN,Viva,R$337
2025-11-13,2026-02-14,MEX,CUN,Viva,R$344
2025-11-13,2026-02-14,MEX,CUN,Volaris,Price unavailable
2025-11-13,2026-02-14,MEX,CUN,Viva,R$395
2025-11-13,2026-02-14,MEX,CUN,Viva,R$489
2025-11-13,2026-02-14,MEX,CUN,Viva,R$518
2025-11-13,2026-02-14,MEX,CUN,Viva,R$518
2025-11-13,2026-02-14,MEX,CUN,Aeromexico,R$664
2025-11-13,2026-02-14,MEX,CUN,Aeromexico,R$664
2025-11-13,2026-02-14,MEX,CUN,Aeromexico,R$664
2025-11-13,2026-02-14,MEX,CUN,Aeromexico,R$664
2025-11-13,2026-02-14,MEX,CUN,Aeromexico,R$664
2025-11-13,2026-02-14,MEX,CUN,Aeromexico,R$664
2025-11-13,2026-02-14,MEX,CUN,Aeromexico,R$664
2025-11-13,2026-02-14,MEX,CUN,Aeromexico,R$664
2025-11-13,2026-02-14,MEX,CUN,Aeromexico,R$807
2025-11-13,2026-02-14,MEX,CUN,Aeromexico,R$807
2025-11-13,2026-02-14,MEX,CUN,Aeromexico,R$807
2025-11-13,2026-02-14,MEX,CUN,Aeromexico,R$807
2025-11-13,2026-02-14,MEX,CUN,Aeromexico,R$807
2025-11-13,2026-02-14,MEX,CUN,Volaris,Price unavailable
2025-11-13,2026-02-14,MEX,CUN,Volaris,Price unavailable
2025-11-13,2026-02-14,MEX,CUN,Viva,R$188
2025-11-13,2026-02-14,MEX,CUN,Viva,R$337
2025-11-13,2026-02-14,MEX,CUN,Viva,R$344
2025-11-13,2026-02-14,MEX,CUN,Viva,R$395
2025-11-13,2026-02-14,MEX,CUN,Viva,R$489
2025-11-13,2026-02-14,MEX,CUN,Viva,R$518
2025-11-13,2026-02-14,MEX,CUN,Viva,R$518
2025-11-13,2026-02-14,MEX,CUN,Aeromexico,R$664
2025-11-13,2026-02-14,MEX,CUN,Aeromexico,R$664
2025-11-13,2026-02-14,MEX,CUN,Aeromexico,R$664
2025-11-13,2026-02-14,MEX,CUN,Aeromexico,R$664
2025-11-13,2026-02-14,MEX,CUN,Aeromexico,R$664
2025-11-13,2026-02-14,MEX,CUN,Aeromexico,R$664
2025-11-13,2026-02-14,MEX,CUN,Aeromexico,R$664
2025-11-13,2026-02-14,MEX,CUN,Aeromexico,R$664
2025-11-13,2026-02-14,MEX,CUN,Aeromexico,R$807
2025-11-13,2026-02-14,MEX,CUN,Aeromexico,R$807
2025-11-13,2026-02-14,MEX,CUN,Aeromexico,R$807
2025-11-13,2026-02-14,MEX,CUN,Aeromexico,R$807
2025-11-13,2026-02-14,MEX,CUN,Aeromexico,R$807
2025-11-13,2026-02-14,MEX,CUN,Volaris,Price unavailable
2025-11-13,2026-02-14,MEX,CUN,Volaris,Price unavailable
2025-11-13,2026-02-14,MEX,MDE,Aeromexico,R$1517
2025-11-13,2026-02-14,MEX,MDE,Avianca,R$1701
2025-11-13,2026-02-14,MEX,MDE,Aeromexico,R$1517
2025-11-13,2026-02-14,MEX,RDU,Aeromexico,R$1839
2025-11-13,2026-02-14,MTY,DTW,Aeromexico,R$2795
2025-11-13,2026-02-14,MEX,CLO,Aeromexico,R$1379
2025-11-13,2026-02-14,MEX,LHR,British Airways,R$2871
2025-11-13,2026-02-14,MEX,LHR,Aeromexico,R$3522
2025-11-13,2026-02-14,MEX,LHR,British Airways,R$2871
2025-11-13,2026-02-14,LAP,MEX,Aeromexico,R$861
2025-11-13,2026-02-14,LAP,MEX,Aeromexico,R$895
2025-11-13,2026-02-14,LAP,MEX,Volaris,Price unavailable
2025-11-13,2026-02-14,LAP,MEX,Aeromexico,R$861
2025-11-13,2026-02-14,LAP,MEX,Aeromexico,R$895
2025-11-13,2026-02-14,MTY,DEN,Viva,R$979
2025-11-13,2026-02-14,MAD,MEX,Aeromexico,R$2634
2025-11-13,2026-02-14,MAD,MEX,Aeromexico,R$2634
2025-11-13,2026-02-14,MAD,MEX,Aeromexico,R$2634
2025-11-13,2026-02-14,MAD,MEX,Iberia,R$3230
2025-11-13,2026-02-14,MAD,MEX,Iberia,R$3230
2025-11-13,2026-02-14,MAD,MEX,Aeromexico,R$2634
2025-11-13,2026-02-14,MAD,MEX,Aeromexico,R$2634
2025-11-13,2026-02-14,MAD,MEX,Iberia,R$3230
2025-11-13,2026-02-14,MAD,MEX,Iberia,R$3230
2025-11-13,2026-02-14,MEX,ZIH,Aeromexico,R$541
2025-11-13,2026-02-14,MEX,ZIH,Aeromexico,R$541
2025-11-13,2026-02-14,MEX,ZIH,Volaris,Price unavailable
2025-11-13,2026-02-14,MEX,ZIH,Aeromexico,R$541
2025-11-13,2026-02-14,MEX,ZIH,Aeromexico,R$541
2025-11-13,2026-02-14,MEX,SAP,Aeromexico,R$1967
2025-11-13,2026-02-14,MEX,ACA,Aeromexico,R$558
2025-11-13,2026-02-14,MEX,ACA,Aeromexico,R$591
2025-11-13,2026-02-14,MEX,ACA,Volaris,Price unavailable
2025-11-13,2026-02-14,MEX,ACA,Aeromexico,R$558
2025-11-13,2026-02-14,MEX,ACA,Aeromexico,R$591
2025-11-13,2026-02-14,GDL,SEA,Volaris,R$1139
2025-11-13,2026-02-14,MEX,SDQ,Aeromexico,R$2257
2025-11-13,2026-02-14,VER,NLU,Aeromexico,R$254
2025-11-13,2026-02-14,CUN,NLU,Viva,R$325
2025-11-13,2026-02-14,CUN,NLU,Volaris,Price unavailable
2025-11-13,2026-02-14,CUN,NLU,Viva,R$314
2025-11-13,2026-02-14,CUN,NLU,Viva,R$325
2025-11-13,2026-02-14,CUN,NLU,Aeromexico,R$483
2025-11-13,2026-02-14,CUN,NLU,Viva,R$325
2025-11-13,2026-02-14,CUN,NLU,Viva,R$314
2025-11-13,2026-02-14,CUN,NLU,Viva,R$325
2025-11-13,2026-02-14,CUN,NLU,Aeromexico,R$483
2025-11-13,2026-02-14,MEX,MTT,Aeromexico,R$906
2025-11-13,2026-02-14,MEX,MTT,Aeromexico,R$906
2025-11-13,2026-02-14,MEX,MTT,Aeromexico,R$906
2025-11-13,2026-02-14,MTY,QRO,Viva,R$203
2025-11-13,2026-02-14,MTY,QRO,Viva,R$203
2025-11-13,2026-02-14,MTY,QRO,Volaris,Price unavailable
2025-11-13,2026-02-14,MTY,QRO,Viva,R$203
2025-11-13,2026-02-14,MTY,QRO,Viva,R$203
2025-11-13,2026-02-14,MTY,QRO,Viva,R$203
2025-11-13,2026-02-14,MTY,QRO,Viva,R$203
2025-11-13,2026-02-14,MTY,QRO,Viva,R$203
2025-11-13,2026-02-14,MTY,QRO,Viva,R$203
2025-11-13,2026-02-14,MAM,MEX,Aeromexico,R$548
2025-11-13,2026-02-14,GDL,SMF,Volaris,R$1001
2025-11-13,2026-02-14,GDL,SMF,Aeromexico,R$1463
2025-11-13,2026-02-14,GDL,SMF,Volaris,R$1001
2025-11-13,2026-02-14,MEX,JFK,Viva,R$1230
2025-11-13,2026-02-14,MEX,JFK,Aeromexico,R$1938
2025-11-13,2026-02-14,MEX,JFK,Aeromexico,R$1938
2025-11-13,2026-02-14,MEX,JFK,Delta,R$1938
2025-11-13,2026-02-14,MEX,JFK,Aeromexico,R$1938
2025-11-13,2026-02-14,MEX,JFK,Aeromexico,R$1938
2025-11-13,2026-02-14,MEX,JFK,Delta,R$1938
2025-11-13,2026-02-14,MXL,MEX,Aeromexico,R$899
2025-11-13,2026-02-14,MXL,MEX,Aeromexico,R$899
2025-11-13,2026-02-14,MXL,MEX,Volaris,Price unavailable
2025-11-13,2026-02-14,MXL,MEX,Aeromexico,R$899
2025-11-13,2026-02-14,MXL,MEX,Aeromexico,R$899
2025-11-13,2026-02-14,BJX,ATL,Aeromexico,R$2319
2025-11-13,2026-02-14,MTY,ICN,Aeromexico,R$6554
2025-11-13,2026-02-14,SEA,GDL,Volaris,R$1352
2025-11-13,2026-02-14,CLQ,NLU,Aeromexico,R$489
2025-11-13,2026-02-14,MID,NLU,Viva,R$275
2025-11-13,2026-02-14,MID,NLU,Viva,R$298
2025-11-13,2026-02-14,MID,NLU,Aeromexico,R$537
2025-11-13,2026-02-14,MID,NLU,Volaris,Price unavailable
2025-11-13,2026-02-14,MID,NLU,Mexicana,Price unavailable
2025-11-13,2026-02-14,MID,NLU,Viva,R$275
2025-11-13,2026-02-14,MID,NLU,Viva,R$298
2025-11-13,2026-02-14,MID,NLU,Aeromexico,R$537
2025-11-13,2026-02-14,MID,NLU,Volaris,Price unavailable
2025-11-13,2026-02-14,ZLO,MEX,Aeromexico,R$939
2025-11-13,2026-02-14,ZLO,MEX,Aeromexico,R$939
2025-11-13,2026-02-14,ZLO,MEX,Aeromexico,R$939
2025-11-13,2026-02-14,RDU,CUN,Delta,R$1320
2025-11-13,2026-02-14,RDU,CUN,American,R$1871
2025-11-13,2026-02-14,RDU,CUN,Aeromexico,R$2977
2025-11-13,2026-02-14,RDU,CUN,Delta,R$1320
2025-11-13,2026-02-14,RDU,CUN,American,R$1871
2025-11-13,2026-02-14,MTY,MIA,American,R$1753
2025-11-13,2026-02-14,MEX,PUJ,Aeromexico,R$2202
2025-11-13,2026-02-14,MEX,BJX,Aeromexico,R$1199
2025-11-13,2026-02-14,MEX,BJX,Aeromexico,R$1199
2025-11-13,2026-02-14,MEX,BJX,Aeromexico,R$1199
2025-11-13,2026-02-14,MEX,BJX,Aeromexico,R$1199
2025-11-13,2026-02-14,MEX,BJX,Aeromexico,R$1199
2025-11-13,2026-02-14,MEX,BJX,Aeromexico,R$1199
2025-11-13,2026-02-14,MEX,BJX,Aeromexico,R$1199
2025-11-13,2026-02-14,AGU,MEX,Aeromexico,R$693
2025-11-13,2026-02-14,AGU,MEX,Aeromexico,R$693
2025-11-13,2026-02-14,AGU,MEX,Aeromexico,R$693
2025-11-13,2026-02-14,AGU,MEX,Aeromexico,R$693
2025-11-13,2026-02-14,AGU,MEX,Aeromexico,R$693
2025-11-13,2026-02-14,MEX,MAD,Iberia,R$2141
2025-11-13,2026-02-14,MEX,MAD,Iberia,R$2141
2025-11-13,2026-02-14,MEX,MAD,Aeromexico,R$2272
2025-11-13,2026-02-14,MEX,MAD,Iberia,R$2532
2025-11-13,2026-02-14,MEX,MAD,Iberia,R$2141
2025-11-13,2026-02-14,MEX,MAD,Iberia,R$2141
2025-11-13,2026-02-14,MEX,MAD,Iberia,R$2532
2025-11-13,2026-02-14,MEX,GUA,Aeromexico,R$972
2025-11-13,2026-02-14,MEX,GUA,Aeromexico,R$972
2025-11-13,2026-02-14,MEX,GUA,Aeromexico,R$972
2025-11-13,2026-02-14,MEX,GUA,Volaris,Price unavailable
2025-11-13,2026-02-14,MEX,GUA,Aeromexico,R$972
2025-11-13,2026-02-14,MEX,GUA,Aeromexico,R$972
2025-11-13,2026-02-14,MEX,GUA,Aeromexico,R$972
2025-11-13,2026-02-14,SAP,MEX,Aeromexico,R$2392
2025-11-13,2026-02-14,NLU,TQO,Viva,R$352
2025-11-13,2026-02-14,NLU,TQO,Aeromexico,R$387
2025-11-13,2026-02-14,NLU,TQO,Mexicana,Price unavailable
2025-11-13,2026-02-14,NLU,TQO,Viva,R$352
2025-11-13,2026-02-14,NLU,TQO,Aeromexico,R$387
2025-11-13,2026-02-14,SAL,MEX,Avianca,R$759
2025-11-13,2026-02-14,SAL,MEX,Aeromexico,R$1118
2025-11-13,2026-02-14,SAL,MEX,Avianca,R$759
2025-11-13,2026-02-14,HUX,MEX,Viva,R$284
2025-11-13,2026-02-14,HUX,MEX,Aeromexico,R$793
2025-11-13,2026-02-14,HUX,MEX,Aeromexico,R$939
2025-11-13,2026-02-14,HUX,MEX,Volaris,Price unavailable
2025-11-13,2026-02-14,HUX,MEX,Viva,R$284
2025-11-13,2026-02-14,HUX,MEX,Aeromexico,R$793
2025-11-13,2026-02-14,HUX,MEX,Aeromexico,R$939
2025-11-13,2026-02-14,MEX,PXM,Viva,R$188
2025-11-13,2026-02-14,MEX,PXM,Viva,R$257
2025-11-13,2026-02-14,MEX,PXM,Aeromexico,R$389
2025-11-13,2026-02-14,MEX,PXM,Volaris,Price unavailable
2025-11-13,2026-02-14,MEX,PXM,Viva,R$188
2025-11-13,2026-02-14,MEX,PXM,Viva,R$257
2025-11-13,2026-02-14,MEX,PXM,Aeromexico,R$389
2025-11-13,2026-02-14,SDQ,MEX,Aeromexico,R$2002
2025-11-13,2026-02-14,TIJ,MEX,Viva,R$496
2025-11-13,2026-02-14,TIJ,MEX,Viva,R$530
2025-11-13,2026-02-14,TIJ,MEX,Viva,R$530
2025-11-13,2026-02-14,TIJ,MEX,Volaris,Price unavailable
2025-11-13,2026-02-14,TIJ,MEX,Aeromexico,R$920
2025-11-13,2026-02-14,TIJ,MEX,Aeromexico,R$920
2025-11-13,2026-02-14,TIJ,MEX,Aeromexico,R$920
2025-11-13,2026-02-14,TIJ,MEX,Aeromexico,R$920
2025-11-13,2026-02-14,TIJ,MEX,Aeromexico,R$920
2025-11-13,2026-02-14,TIJ,MEX,Aeromexico,R$953
2025-11-13,2026-02-14,TIJ,MEX,Aeromexico,R$953
2025-11-13,2026-02-14,TIJ,MEX,Volaris,Price unavailable
2025-11-13,2026-02-14,TIJ,MEX,Volaris,Price unavailable
2025-11-13,2026-02-14,TIJ,MEX,Viva,R$496
2025-11-13,2026-02-14,TIJ,MEX,Viva,R$530
2025-11-13,2026-02-14,TIJ,MEX,Viva,R$530
2025-11-13,2026-02-14,TIJ,MEX,Aeromexico,R$920
2025-11-13,2026-02-14,TIJ,MEX,Aeromexico,R$920
2025-11-13,2026-02-14,TIJ,MEX,Aeromexico,R$920
2025-11-13,2026-02-14,TIJ,MEX,Aeromexico,R$920
2025-11-13,2026-02-14,TIJ,MEX,Aeromexico,R$920
2025-11-13,2026-02-14,TIJ,MEX,Aeromexico,R$953
2025-11-13,2026-02-14,TIJ,MEX,Aeromexico,R$953
2025-11-13,2026-02-14,TIJ,MEX,Volaris,Price unavailable
2025-11-13,2026-02-14,TIJ,MEX,Volaris,Price unavailable
2025-11-13,2026-02-14,PVR,MEX,Viva,R$266
2025-11-13,2026-02-14,PVR,MEX,Viva,R$353
2025-11-13,2026-02-14,PVR,MEX,Aeromexico,R$634
2025-11-13,2026-02-14,PVR,MEX,Volaris,Price unavailable
2025-11-13,2026-02-14,PVR,MEX,Aeromexico,R$634
2025-11-13,2026-02-14,PVR,MEX,Aeromexico,R$634
2025-11-13,2026-02-14,PVR,MEX,Aeromexico,R$668
2025-11-13,2026-02-14,PVR,MEX,Viva,R$266
2025-11-13,2026-02-14,PVR,MEX,Viva,R$353
2025-11-13,2026-02-14,PVR,MEX,Aeromexico,R$634
2025-11-13,2026-02-14,PVR,MEX,Aeromexico,R$634
2025-11-13,2026-02-14,PVR,MEX,Aeromexico,R$634
2025-11-13,2026-02-14,PVR,MEX,Aeromexico,R$668
2025-11-13,2026-02-14,MEX,IAD,Aeromexico,R$2104
2025-11-13,2026-02-14,MEX,IAD,United,R$2104
2025-11-13,2026-02-14,MEX,IAD,Aeromexico,R$2104
2025-11-13,2026-02-14,ZLO,LAX,Alaska,R$2108
2025-11-13,2026-02-14,MTY,MCO,Viva,R$886
2025-11-13,2026-02-14,SEA,MEX,Aeromexico,R$3554
2025-11-13,2026-02-14,NLU,VER,Aeromexico,R$278
2025-11-13,2026-02-14,PTY,MEX,COPA,R$2785
2025-11-13,2026-02-14,PTY,MEX,COPA,R$2785
2025-11-13,2026-02-14,PTY,MEX,COPA,R$2785
2025-11-13,2026-02-14,PTY,MEX,COPA,R$2785
2025-11-13,2026-02-14,PTY,MEX,COPA,R$2785
2025-11-13,2026-02-14,PTY,MEX,COPA,R$2785
2025-11-13,2026-02-14,PTY,MEX,COPA,R$2785
2025-11-13,2026-02-14,PTY,MEX,COPA,R$2785
2025-11-13,2026-02-14,PTY,MEX,COPA,R$2785
2025-11-13,2026-02-14,PTY,MEX,COPA,R$2785
2025-11-13,2026-02-14,PTY,MEX,COPA,R$2785
2025-11-13,2026-02-14,PXM,MEX,Viva,R$178
2025-11-13,2026-02-14,PXM,MEX,Viva,R$178
2025-11-13,2026-02-14,PXM,MEX,Aeromexico,R$540
2025-11-13,2026-02-14,PXM,MEX,Volaris,Price unavailable
2025-11-13,2026-02-14,PXM,MEX,Viva,R$178
2025-11-13,2026-02-14,PXM,MEX,Viva,R$178
2025-11-13,2026-02-14,PXM,MEX,Aeromexico,R$540
2025-11-13,2026-02-14,ACA,MEX,Aeromexico,R$450
2025-11-13,2026-02-14,ACA,MEX,Aeromexico,R$450
2025-11-13,2026-02-14,ACA,MEX,Volaris,Price unavailable
2025-11-13,2026-02-14,ACA,MEX,Aeromexico,R$450
2025-11-13,2026-02-14,ACA,MEX,Aeromexico,R$450
2025-11-13,2026-02-14,MCO,GDL,Volaris,R$1829
2025-11-13,2026-02-14,NRT,MEX,Aeromexico,R$10401
2025-11-13,2026-02-14,NRT,MEX,ANA,R$10930
2025-11-13,2026-02-14,NRT,MEX,Aeromexico,R$10401
2025-11-13,2026-02-14,LIM,MEX,Aeromexico,R$2429
2025-11-13,2026-02-14,LIM,MEX,LATAM,R$2429
2025-11-13,2026-02-14,LIM,MEX,Volaris,Price unavailable
2025-11-13,2026-02-14,LIM,MEX,Aeromexico,R$2429
2025-11-13,2026-02-14,LIM,MEX,LATAM,R$2429
2025-11-13,2026-02-14,SLP,MEX,Aeromexico,R$879
2025-11-13,2026-02-14,SLP,MEX,Aeromexico,R$879
2025-11-13,2026-02-14,SLP,MEX,Aeromexico,R$879
2025-11-13,2026-02-14,SLP,MEX,Aeromexico,R$879
2025-11-13,2026-02-14,SLP,MEX,Aeromexico,R$879
2025-11-13,2026-02-14,SLP,MEX,Aeromexico,R$879
2025-11-13,2026-02-14,SLP,MEX,Aeromexico,R$879
2025-11-13,2026-02-14,MEX,PHL,Aeromexico,R$2142
2025-11-13,2026-02-14,LAS,GDL,Volaris,R$1109
2025-11-13,2026-02-14,MEX,SLC,Delta,R$2390
2025-11-13,2026-02-14,CUN,MEX,Viva,R$154
2025-11-13,2026-02-14,CUN,MEX,Viva,R$154
2025-11-13,2026-02-14,CUN,MEX,Viva,R$290
2025-11-13,2026-02-14,CUN,MEX,Viva,R$302
2025-11-13,2026-02-14,CUN,MEX,Volaris,Price unavailable
2025-11-13,2026-02-14,CUN,MEX,Viva,R$345
2025-11-13,2026-02-14,CUN,MEX,Viva,R$383
2025-11-13,2026-02-14,CUN,MEX,Aeromexico,R$664
2025-11-13,2026-02-14,CUN,MEX,Aeromexico,R$664
2025-11-13,2026-02-14,CUN,MEX,Aeromexico,R$664
2025-11-13,2026-02-14,CUN,MEX,Aeromexico,R$664
2025-11-13,2026-02-14,CUN,MEX,Aeromexico,R$664
2025-11-13,2026-02-14,CUN,MEX,Aeromexico,R$664
2025-11-13,2026-02-14,CUN,MEX,Aeromexico,R$664
2025-11-13,2026-02-14,CUN,MEX,Aeromexico,R$698
2025-11-13,2026-02-14,CUN,MEX,Aeromexico,R$698
2025-11-13,2026-02-14,CUN,MEX,Aeromexico,R$823
2025-11-13,2026-02-14,CUN,MEX,Aeromexico,R$823
2025-11-13,2026-02-14,CUN,MEX,Aeromexico,R$823
2025-11-13,2026-02-14,CUN,MEX,Aeromexico,R$823
2025-11-13,2026-02-14,CUN,MEX,Viva,R$1709
2025-11-13,2026-02-14,CUN,MEX,Volaris,Price unavailable
2025-11-13,2026-02-14,CUN,MEX,Volaris,Price unavailable
2025-11-13,2026-02-14,CUN,MEX,Viva,R$154
2025-11-13,2026-02-14,CUN,MEX,Viva,R$154
2025-11-13,2026-02-14,CUN,MEX,Viva,R$290
2025-11-13,2026-02-14,CUN,MEX,Viva,R$302
2025-11-13,2026-02-14,CUN,MEX,Viva,R$345
2025-11-13,2026-02-14,CUN,MEX,Viva,R$383
2025-11-13,2026-02-14,CUN,MEX,Aeromexico,R$664
2025-11-13,2026-02-14,CUN,MEX,Aeromexico,R$664
2025-11-13,2026-02-14,CUN,MEX,Aeromexico,R$664
2025-11-13,2026-02-14,CUN,MEX,Aeromexico,R$664
2025-11-13,2026-02-14,CUN,MEX,Aeromexico,R$664
2025-11-13,2026-02-14,CUN,MEX,Aeromexico,R$664
2025-11-13,2026-02-14,CUN,MEX,Aeromexico,R$664
2025-11-13,2026-02-14,CUN,MEX,Aeromexico,R$698
2025-11-13,2026-02-14,CUN,MEX,Aeromexico,R$698
2025-11-13,2026-02-14,CUN,MEX,Aeromexico,R$823
2025-11-13,2026-02-14,CUN,MEX,Aeromexico,R$823
2025-11-13,2026-02-14,CUN,MEX,Aeromexico,R$823
2025-11-13,2026-02-14,CUN,MEX,Aeromexico,R$823
2025-11-13,2026-02-14,CUN,MEX,Viva,R$1709
2025-11-13,2026-02-14,CUN,MEX,Volaris,Price unavailable
2025-11-13,2026-02-14,CUN,MEX,Volaris,Price unavailable
2025-11-13,2026-02-14,TPA,MEX,Aeromexico,R$1066
2025-11-13,2026-02-14,ATL,MTY,Delta,R$1582
2025-11-13,2026-02-14,ATL,MTY,Aeromexico,R$1582
2025-11-13,2026-02-14,ATL,MTY,Delta,R$1582
2025-11-13,2026-02-14,QRO,MEX,Aeromexico,R$935
2025-11-13,2026-02-14,QRO,MEX,Aeromexico,R$935
2025-11-13,2026-02-14,QRO,MEX,Aeromexico,R$935
2025-11-13,2026-02-14,TQO,NLU,Viva,R$160
2025-11-13,2026-02-14,TQO,NLU,Aeromexico,R$415
2025-11-13,2026-02-14,TQO,NLU,Mexicana,Price unavailable
2025-11-13,2026-02-14,TQO,NLU,Viva,R$160
2025-11-13,2026-02-14,TQO,NLU,Aeromexico,R$415
2025-11-13,2026-02-14,QRO,ATL,Aeromexico,R$1818
2025-11-13,2026-02-14,YYZ,MEX,Flair Airlines,R$1497
2025-11-13,2026-02-14,YYZ,MEX,Air Canada,R$1722
2025-11-13,2026-02-14,YYZ,MEX,Aeromexico,R$1726
2025-11-13,2026-02-14,YYZ,MEX,Air Canada,R$2709
2025-11-13,2026-02-14,YYZ,MEX,Flair Airlines,R$1497
2025-11-13,2026-02-14,YYZ,MEX,Air Canada,R$1722
2025-11-13,2026-02-14,YYZ,MEX,Aeromexico,R$1726
2025-11-13,2026-02-14,MTY,MEX,Viva,R$203
2025-11-13,2026-02-14,MTY,MEX,Viva,R$203
2025-11-13,2026-02-14,MTY,MEX,Viva,R$203
2025-11-13,2026-02-14,MTY,MEX,Viva,R$203
2025-11-13,2026-02-14,MTY,MEX,Viva,R$203
2025-11-13,2026-02-14,MTY,MEX,Volaris,Price unavailable
2025-11-13,2026-02-14,MTY,MEX,Viva,R$347
2025-11-13,2026-02-14,MTY,MEX,Viva,R$347
2025-11-13,2026-02-14,MTY,MEX,Viva,R$347
2025-11-13,2026-02-14,MTY,MEX,Viva,R$347
2025-11-13,2026-02-14,MTY,MEX,Viva,R$347
2025-11-13,2026-02-14,MTY,MEX,Viva,R$368
2025-11-13,2026-02-14,MTY,MEX,Aeromexico,R$755
2025-11-13,2026-02-14,MTY,MEX,Aeromexico,R$755
2025-11-13,2026-02-14,MTY,MEX,Aeromexico,R$755
2025-11-13,2026-02-14,MTY,MEX,Aeromexico,R$755
2025-11-13,2026-02-14,MTY,MEX,Aeromexico,R$755
2025-11-13,2026-02-14,MTY,MEX,Aeromexico,R$755
2025-11-13,2026-02-14,MTY,MEX,Aeromexico,R$755
2025-11-13,2026-02-14,MTY,MEX,Aeromexico,R$755
2025-11-13,2026-02-14,MTY,MEX,Aeromexico,R$755
2025-11-13,2026-02-14,MTY,MEX,Aeromexico,R$755
2025-11-13,2026-02-14,MTY,MEX,Aeromexico,R$755
2025-11-13,2026-02-14,MTY,MEX,Volaris,Price unavailable
2025-11-13,2026-02-14,MTY,MEX,Volaris,Price unavailable
2025-11-13,2026-02-14,MTY,MEX,Viva,R$203
2025-11-13,2026-02-14,MTY,MEX,Viva,R$203
2025-11-13,2026-02-14,MTY,MEX,Viva,R$203
2025-11-13,2026-02-14,MTY,MEX,Viva,R$203
2025-11-13,2026-02-14,MTY,MEX,Viva,R$203
2025-11-13,2026-02-14,MTY,MEX,Viva,R$347
2025-11-13,2026-02-14,MTY,MEX,Viva,R$347
2025-11-13,2026-02-14,MTY,MEX,Viva,R$347
2025-11-13,2026-02-14,MTY,MEX,Viva,R$347
2025-11-13,2026-02-14,MTY,MEX,Viva,R$347
2025-11-13,2026-02-14,MTY,MEX,Viva,R$368
2025-11-13,2026-02-14,MTY,MEX,Aeromexico,R$755
2025-11-13,2026-02-14,MTY,MEX,Aeromexico,R$755
2025-11-13,2026-02-14,MTY,MEX,Aeromexico,R$755
2025-11-13,2026-02-14,MTY,MEX,Aeromexico,R$755
2025-11-13,2026-02-14,MTY,MEX,Aeromexico,R$755
2025-11-13,2026-02-14,MTY,MEX,Aeromexico,R$755
2025-11-13,2026-02-14,MTY,MEX,Aeromexico,R$755
2025-11-13,2026-02-14,MTY,MEX,Aeromexico,R$755
2025-11-13,2026-02-14,MTY,MEX,Aeromexico,R$755
2025-11-13,2026-02-14,MTY,MEX,Aeromexico,R$755
2025-11-13,2026-02-14,MTY,MEX,Aeromexico,R$755
2025-11-13,2026-02-14,MTY,MEX,Volaris,Price unavailable
2025-11-13,2026-02-14,MTY,MEX,Volaris,Price unavailable
2025-11-13,2026-02-14,MLM,MEX,Aeromexico,R$757
2025-11-13,2026-02-14,MEX,VSA,Viva,R$277
2025-11-13,2026-02-14,MEX,VSA,Volaris,Price unavailable
2025-11-13,2026-02-14,MEX,VSA,Aeromexico,R$909
2025-11-13,2026-02-14,MEX,VSA,Aeromexico,R$909
2025-11-13,2026-02-14,MEX,VSA,Aeromexico,R$909
2025-11-13,2026-02-14,MEX,VSA,Aeromexico,R$909
2025-11-13,2026-02-14,MEX,VSA,Viva,R$277
2025-11-13,2026-02-14,MEX,VSA,Aeromexico,R$909
2025-11-13,2026-02-14,MEX,VSA,Aeromexico,R$909
2025-11-13,2026-02-14,MEX,VSA,Aeromexico,R$909
2025-11-13,2026-02-14,MEX,VSA,Aeromexico,R$909
2025-11-13,2026-02-14,GDL,ORD,Volaris,R$869
2025-11-13,2026-02-14,GDL,ORD,Volaris,R$869
2025-11-13,2026-02-14,GDL,ORD,Viva,R$983
2025-11-13,2026-02-14,GDL,ORD,Aeromexico,R$1436
2025-11-13,2026-02-14,GDL,ORD,Volaris,R$869
2025-11-13,2026-02-14,GDL,ORD,Volaris,R$869
2025-11-13,2026-02-14,GDL,ORD,Viva,R$983
2025-11-13,2026-02-14,SFO,MEX,United,R$987
2025-11-13,2026-02-14,SFO,MEX,United,R$1252
2025-11-13,2026-02-14,SFO,MEX,United,R$1754
2025-11-13,2026-02-14,SFO,MEX,Aeromexico,R$2416
2025-11-13,2026-02-14,SFO,MEX,United,R$987
2025-11-13,2026-02-14,SFO,MEX,United,R$1754
2025-11-13,2026-02-14,SFO,MEX,Aeromexico,R$2416
2025-11-13,2026-02-14,AUS,MEX,Aeromexico,R$1675
2025-11-13,2026-02-14,MEX,PHX,American,R$1187
2025-11-13,2026-02-14,MEX,PHX,Aeromexico,R$1262
2025-11-13,2026-02-14,MEX,PHX,American,R$1187
2025-11-13,2026-02-14,GDL,LAS,Volaris,R$1221
2025-11-13,2026-02-14,SLP,ATL,Aeromexico,R$1924
2025-11-13,2026-02-14,ZIH,MEX,Aeromexico,R$537
2025-11-13,2026-02-14,ZIH,MEX,Aeromexico,R$648
2025-11-13,2026-02-14,ZIH,MEX,Volaris,Price unavailable
2025-11-13,2026-02-14,ZIH,MEX,Aeromexico,R$537
2025-11-13,2026-02-14,ZIH,MEX,Aeromexico,R$648
2025-11-13,2026-02-14,VER,MEX,Viva,R$191
2025-11-13,2026-02-14,VER,MEX,Aeromexico,R$715
2025-11-13,2026-02-14,VER,MEX,Aeromexico,R$715
2025-11-13,2026-02-14,VER,MEX,Aeromexico,R$715
2025-11-13,2026-02-14,VER,MEX,Aeromexico,R$715
2025-11-13,2026-02-14,VER,MEX,Aeromexico,R$715
2025-11-13,2026-02-14,VER,MEX,Aeromexico,R$715
2025-11-13,2026-02-14,VER,MEX,Aeromexico,R$715
2025-11-13,2026-02-14,VER,MEX,Aeromexico,R$715
2025-11-13,2026-02-14,VER,MEX,Aeromexico,R$715
2025-11-13,2026-02-14,VER,MEX,Aeromexico,R$715
2025-11-13,2026-02-14,MTY,LAS,Viva,R$2330
2025-11-13,2026-02-14,SAT,MEX,Viva,R$400
2025-11-13,2026-02-14,SAT,MEX,Volaris,R$717
2025-11-13,2026-02-14,SAT,MEX,Aeromexico,R$1569
2025-11-13,2026-02-14,SAT,MEX,Viva,R$400
2025-11-13,2026-02-14,SAT,MEX,Volaris,R$717
2025-11-13,2026-02-14,ATL,BJX,Aeromexico,R$1765
2025-11-13,2026-02-14,CUU,MEX,Viva,R$241
2025-11-13,2026-02-14,CUU,MEX,Volaris,Price unavailable
2025-11-13,2026-02-14,CUU,MEX,Aeromexico,R$1009
2025-11-13,2026-02-14,CUU,MEX,Aeromexico,R$1009
2025-11-13,2026-02-14,CUU,MEX,Aeromexico,R$1009
2025-11-13,2026-02-14,CUU,MEX,Viva,R$241
2025-11-13,2026-02-14,CUU,MEX,Aeromexico,R$1009
2025-11-13,2026-02-14,CUU,MEX,Aeromexico,R$1009
2025-11-13,2026-02-14,CUU,MEX,Aeromexico,R$1009
2025-11-13,2026-02-14,TQO,MEX,Aeromexico,R$626
2025-11-13,2026-02-14,GDL,NLU,Viva,R$194
2025-11-13,2026-02-14,GDL,NLU,Viva,R$194
2025-11-13,2026-02-14,GDL,NLU,Viva,R$194
2025-11-13,2026-02-14,GDL,NLU,Volaris,Price unavailable
2025-11-13,2026-02-14,GDL,NLU,Aeromexico,R$481
2025-11-13,2026-02-14,GDL,NLU,Viva,R$194
2025-11-13,2026-02-14,GDL,NLU,Viva,R$194
2025-11-13,2026-02-14,GDL,NLU,Viva,R$194
2025-11-13,2026-02-14,GDL,NLU,Aeromexico,R$481
2025-11-13,2026-02-14,MEX,EWR,United,R$1938
2025-11-13,2026-02-14,MEX,EWR,United,R$1938
2025-11-13,2026-02-14,MEX,EWR,Aeromexico,R$1938
2025-11-13,2026-02-14,MEX,EWR,Volaris,Price unavailable
2025-11-13,2026-02-14,MEX,EWR,United,R$1938
2025-11-13,2026-02-14,MEX,EWR,United,R$1938
2025-11-13,2026-02-14,MEX,EWR,Aeromexico,R$1938
2025-11-13,2026-02-14,MEX,HUX,Viva,R$227
2025-11-13,2026-02-14,MEX,HUX,Aeromexico,R$574
2025-11-13,2026-02-14,MEX,HUX,Aeromexico,R$574
2025-11-13,2026-02-14,MEX,HUX,Volaris,Price unavailable
2025-11-13,2026-02-14,MEX,HUX,Viva,R$227
2025-11-13,2026-02-14,MEX,HUX,Aeromexico,R$574
2025-11-13,2026-02-14,MEX,HUX,Aeromexico,R$574
2025-11-13,2026-02-14,SMF,GDL,Volaris,R$860
2025-11-13,2026-02-14,SMF,GDL,Volaris,R$1029
2025-11-13,2026-02-14,SMF,GDL,Aeromexico,R$1220
2025-11-13,2026-02-14,SMF,GDL,Volaris,R$860
2025-11-13,2026-02-14,SMF,GDL,Volaris,R$1029
2025-11-13,2026-02-14,MEX,QRO,Aeromexico,R$997
2025-11-13,2026-02-14,MEX,QRO,Aeromexico,R$997
2025-11-13,2026-02-14,MEX,QRO,Aeromexico,R$997
2025-11-13,2026-02-14,GDL,DEN,Volaris,R$1882
2025-11-13,2026-02-14,MEX,GRU,LATAM,R$3807
2025-11-13,2026-02-14,MEX,GRU,Aeromexico,R$3830
2025-11-13,2026-02-14,MEX,GRU,LATAM,R$3807
2025-11-13,2026-02-14,MEX,CZM,Aeromexico,R$743
2025-11-13,2026-02-14,MEX,CZM,Volaris,Price unavailable
2025-11-13,2026-02-14,MEX,CZM,Aeromexico,R$743
2025-11-13,2026-02-14,MDE,MEX,Avianca,R$1337
2025-11-13,2026-02-14,MDE,MEX,Aeromexico,R$1891
2025-11-13,2026-02-14,MDE,MEX,Avianca,R$1337
2025-11-13,2026-02-14,DEN,GDL,Volaris,R$1998
2025-11-13,2026-02-14,DEN,MEX,United,R$855
2025-11-13,2026-02-14,DEN,MEX,Aeromexico,R$1516
2025-11-13,2026-02-14,DEN,MEX,Volaris,R$1527
2025-11-13,2026-02-14,DEN,MEX,United,R$855
2025-11-13,2026-02-14,DEN,MEX,Aeromexico,R$1516
2025-11-13,2026-02-14,REX,MEX,Viva,R$380
2025-11-13,2026-02-14,REX,MEX,Aeromexico,R$624
2025-11-13,2026-02-14,REX,MEX,Viva,R$380
2025-11-13,2026-02-14,GRU,MEX,LATAM,R$4758
2025-11-13,2026-02-14,GRU,MEX,Aeromexico,R$4758
2025-11-13,2026-02-14,GRU,MEX,LATAM,R$4758
2025-11-13,2026-02-14,CZM,MEX,Aeromexico,R$771
2025-11-13,2026-02-14,CZM,MEX,Volaris,Price unavailable
2025-11-13,2026-02-14,CZM,MEX,Aeromexico,R$771
2025-11-13,2026-02-14,FCO,MEX,Aeromexico,R$2773
2025-11-13,2026-02-14,YVR,MEX,Air Canada,R$1818
2025-11-13,2026-02-14,YVR,MEX,Aeromexico,R$1837
2025-11-13,2026-02-14,YVR,MEX,Aeromexico,R$1970
2025-11-13,2026-02-14,YVR,MEX,Air Canada,R$1818
2025-11-13,2026-02-14,YVR,MEX,Aeromexico,R$1837
2025-11-13,2026-02-14,MEX,SFO,United,R$1179
2025-11-13,2026-02-14,MEX,SFO,United,R$1179
2025-11-13,2026-02-14,MEX,SFO,United,R$1179
2025-11-13,2026-02-14,MEX,SFO,Aeromexico,R$2115
2025-11-13,2026-02-14,MEX,SFO,United,R$1179
2025-11-13,2026-02-14,MEX,SFO,United,R$1179
2025-11-13,2026-02-14,MEX,SFO,Aeromexico,R$2115
2025-11-13,2026-02-14,NLU,GDL,Viva,R$91
2025-11-13,2026-02-14,NLU,GDL,Viva,R$91
2025-11-13,2026-02-14,NLU,GDL,Viva,R$110
2025-11-13,2026-02-14,NLU,GDL,Volaris,Price unavailable
2025-11-13,2026-02-14,NLU,GDL,Aeromexico,R$229
2025-11-13,2026-02-14,NLU,GDL,Viva,R$91
2025-11-13,2026-02-14,NLU,GDL,Viva,R$91
2025-11-13,2026-02-14,NLU,GDL,Viva,R$110
2025-11-13,2026-02-14,NLU,GDL,Aeromexico,R$229
2025-11-13,2026-02-14,MEX,ORD,Volaris,R$826
2025-11-13,2026-02-14,MEX,ORD,Viva,R$859
2025-11-13,2026-02-14,MEX,ORD,American,R$910
2025-11-13,2026-02-14,MEX,ORD,United,R$1096
2025-11-13,2026-02-14,MEX,ORD,Aeromexico,R$1977
2025-11-13,2026-02-14,MEX,ORD,Volaris,R$826
2025-11-13,2026-02-14,MEX,ORD,Viva,R$859
2025-11-13,2026-02-14,MEX,ORD,United,R$1096
2025-11-13,2026-02-14,MEX,ORD,Aeromexico,R$1977
2025-11-13,2026-02-14,MEX,MAM,Aeromexico,R$684
2025-11-13,2026-02-14,MTY,MAD,Aeromexico,R$2784
2025-11-13,2026-02-14,GDL,LAX,Viva,R$843
2025-11-13,2026-02-14,GDL,LAX,Volaris,R$852
2025-11-13,2026-02-14,GDL,LAX,Aeromexico,R$946
2025-11-13,2026-02-14,GDL,LAX,Viva,R$843
2025-11-13,2026-02-14,GDL,LAX,Volaris,R$852
2025-11-13,2026-02-14,GDL,LAX,Volaris,R$852
2025-11-13,2026-02-14,GDL,LAX,Volaris,R$852
2025-11-13,2026-02-14,GDL,LAX,Alaska,R$1276
2025-11-13,2026-02-14,GDL,LAX,Viva,R$843
2025-11-13,2026-02-14,GDL,LAX,Volaris,R$852
2025-11-13,2026-02-14,GDL,LAX,Viva,R$843
2025-11-13,2026-02-14,GDL,LAX,Volaris,R$852
2025-11-13,2026-02-14,GDL,LAX,Volaris,R$852
2025-11-13,2026-02-14,GDL,LAX,Volaris,R$852
2025-11-13,2026-02-14,GDL,LAX,Alaska,R$1276
2025-11-13,2026-02-14,PHX,MEX,Aeromexico,R$1066
2025-11-13,2026-02-14,PHX,MEX,American,R$1511
2025-11-13,2026-02-14,PHX,MEX,Aeromexico,R$1066
2025-11-13,2026-02-14,ATL,SLP,Aeromexico,R$1739
2025-11-13,2026-02-14,LAS,MTY,Viva,R$2647
2025-11-13,2026-02-14,MEX,MIA,Volaris,R$849
2025-11-13,2026-02-14,MEX,MIA,Aeromexico,R$1548
2025-11-13,2026-02-14,MEX,MIA,American,R$1557
2025-11-13,2026-02-14,MEX,MIA,Aeromexico,R$1548
2025-11-13,2026-02-14,MEX,MIA,Aeromexico,R$1548
2025-11-13,2026-02-14,MEX,MIA,American,R$1557
2025-11-13,2026-02-14,MEX,MIA,American,R$1557
2025-11-13,2026-02-14,MEX,MIA,Volaris,R$849
2025-11-13,2026-02-14,MEX,MIA,Aeromexico,R$1548
2025-11-13,2026-02-14,MEX,MIA,Aeromexico,R$1548
2025-11-13,2026-02-14,MEX,MIA,Aeromexico,R$1548
2025-11-13,2026-02-14,MEX,MIA,American,R$1557
2025-11-13,2026-02-14,MEX,MIA,American,R$1557
2025-11-13,2026-02-14,MEX,NRT,ANA,R$5260
2025-11-13,2026-02-14,JFK,MEX,Viva,R$1701
2025-11-13,2026-02-14,JFK,MEX,American,R$2014
2025-11-13,2026-02-14,JFK,MEX,Aeromexico,R$3109
2025-11-13,2026-02-14,JFK,MEX,Aeromexico,R$3109
2025-11-13,2026-02-14,JFK,MEX,Viva,R$1701
2025-11-13,2026-02-14,JFK,MEX,Aeromexico,R$3109
2025-11-13,2026-02-14,JFK,MEX,Aeromexico,R$3109
2025-11-13,2026-02-14,SJO,MEX,Avianca,R$835
2025-11-13,2026-02-14,SJO,MEX,Aeromexico,R$1114
2025-11-13,2026-02-14,SJO,MEX,Aeromexico,R$1114
2025-11-13,2026-02-14,SJO,MEX,Volaris Costa Rica,Price unavailable
2025-11-13,2026-02-14,SJO,MEX,Avianca,R$835
2025-11-13,2026-02-14,SJO,MEX,Aeromexico,R$1114
2025-11-13,2026-02-14,SJO,MEX,Aeromexico,R$1114
2025-11-13,2026-02-14,MEX,YYZ,Air Canada,R$1377
2025-11-13,2026-02-14,MEX,YYZ,Aeromexico,R$1501
2025-11-13,2026-02-14,MEX,YYZ,Air Canada,R$1647
2025-11-13,2026-02-14,MEX,YYZ,Air Canada,R$1377
2025-11-13,2026-02-14,MEX,YYZ,Aeromexico,R$1501
2025-11-13,2026-02-14,SJD,MEX,Viva,R$445
2025-11-13,2026-02-14,SJD,MEX,Volaris,Price unavailable
2025-11-13,2026-02-14,SJD,MEX,Aeromexico,R$743
2025-11-13,2026-02-14,SJD,MEX,Aeromexico,R$743
2025-11-13,2026-02-14,SJD,MEX,Aeromexico,R$743
2025-11-13,2026-02-14,SJD,MEX,Viva,R$445
2025-11-13,2026-02-14,SJD,MEX,Aeromexico,R$743
2025-11-13,2026-02-14,SJD,MEX,Aeromexico,R$743
2025-11-13,2026-02-14,SJD,MEX,Aeromexico,R$743
2025-11-13,2026-02-14,MEX,MZT,Viva,R$1025
2025-11-13,2026-02-14,MEX,MZT,Aeromexico,R$1076
2025-11-13,2026-02-14,MEX,MZT,Aeromexico,R$1699
2025-11-13,2026-02-14,MEX,MZT,Volaris,Price unavailable
2025-11-13,2026-02-14,MEX,MZT,Viva,R$1025
2025-11-13,2026-02-14,MEX,MZT,Aeromexico,R$1076
2025-11-13,2026-02-14,MEX,MZT,Aeromexico,R$1699
2025-11-13,2026-02-14,DGO,MEX,Aeromexico,R$876
2025-11-13,2026-02-14,MCO,MTY,Viva,R$597
2025-11-13,2026-02-14,VSA,MEX,Viva,R$232
2025-11-13,2026-02-14,VSA,MEX,Volaris,Price unavailable
2025-11-13,2026-02-14,VSA,MEX,Aeromexico,R$848
2025-11-13,2026-02-14,VSA,MEX,Aeromexico,R$848
2025-11-13,2026-02-14,VSA,MEX,Aeromexico,R$848
2025-11-13,2026-02-14,VSA,MEX,Aeromexico,R$848
2025-11-13,2026-02-14,VSA,MEX,Viva,R$232
2025-11-13,2026-02-14,VSA,MEX,Aeromexico,R$848
2025-11-13,2026-02-14,VSA,MEX,Aeromexico,R$848
2025-11-13,2026-02-14,VSA,MEX,Aeromexico,R$848
2025-11-13,2026-02-14,VSA,MEX,Aeromexico,R$848
2025-11-13,2026-02-14,MCO,MEX,Volaris,R$1109
2025-11-13,2026-02-14,MCO,MEX,Aeromexico,R$1384
2025-11-13,2026-02-14,MCO,MEX,Aeromexico,R$1384
2025-11-13,2026-02-14,MCO,MEX,Volaris,R$1109
2025-11-13,2026-02-14,MCO,MEX,Aeromexico,R$1384
2025-11-13,2026-02-14,GDL,MEX,Viva,R$194
2025-11-13,2026-02-14,GDL,MEX,Viva,R$268
2025-11-13,2026-02-14,GDL,MEX,Aeromexico,R$462
2025-11-13,2026-02-14,GDL,MEX,Volaris,Price unavailable
2025-11-13,2026-02-14,GDL,MEX,Viva,R$344
2025-11-13,2026-02-14,GDL,MEX,Viva,R$344
2025-11-13,2026-02-14,GDL,MEX,Viva,R$344
2025-11-13,2026-02-14,GDL,MEX,Viva,R$373
2025-11-13,2026-02-14,GDL,MEX,Aeromexico,R$462
2025-11-13,2026-02-14,GDL,MEX,Aeromexico,R$462
2025-11-13,2026-02-14,GDL,MEX,Aeromexico,R$462
2025-11-13,2026-02-14,GDL,MEX,Aeromexico,R$462
2025-11-13,2026-02-14,GDL,MEX,Aeromexico,R$462
2025-11-13,2026-02-14,GDL,MEX,Aeromexico,R$462
2025-11-13,2026-02-14,GDL,MEX,Aeromexico,R$679
2025-11-13,2026-02-14,GDL,MEX,Aeromexico,R$679
2025-11-13,2026-02-14,GDL,MEX,Aeromexico,R$1372
2025-11-13,2026-02-14,GDL,MEX,Volaris,Price unavailable
2025-11-13,2026-02-14,GDL,MEX,Volaris,Price unavailable
2025-11-13,2026-02-14,GDL,MEX,Viva,R$194
2025-11-13,2026-02-14,GDL,MEX,Viva,R$268
2025-11-13,2026-02-14,GDL,MEX,Aeromexico,R$462
2025-11-13,2026-02-14,GDL,MEX,Viva,R$344
2025-11-13,2026-02-14,GDL,MEX,Viva,R$344
2025-11-13,2026-02-14,GDL,MEX,Viva,R$344
2025-11-13,2026-02-14,GDL,MEX,Viva,R$373
2025-11-13,2026-02-14,GDL,MEX,Aeromexico,R$462
2025-11-13,2026-02-14,GDL,MEX,Aeromexico,R$462
2025-11-13,2026-02-14,GDL,MEX,Aeromexico,R$462
2025-11-13,2026-02-14,GDL,MEX,Aeromexico,R$462
2025-11-13,2026-02-14,GDL,MEX,Aeromexico,R$462
2025-11-13,2026-02-14,GDL,MEX,Aeromexico,R$462
2025-11-13,2026-02-14,GDL,MEX,Aeromexico,R$679
2025-11-13,2026-02-14,GDL,MEX,Aeromexico,R$679
2025-11-13,2026-02-14,GDL,MEX,Aeromexico,R$1372
2025-11-13,2026-02-14,GDL,MEX,Volaris,Price unavailable
2025-11-13,2026-02-14,GDL,MEX,Volaris,Price unavailable
2025-11-13,2026-02-14,IAH,MEX,Viva,R$461
2025-11-13,2026-02-14,IAH,MEX,Volaris,R$717
2025-11-13,2026-02-14,IAH,MEX,United,R$855
2025-11-13,2026-02-14,IAH,MEX,United,R$855
2025-11-13,2026-02-14,IAH,MEX,United,R$1045
2025-11-13,2026-02-14,IAH,MEX,United,R$1754
2025-11-13,2026-02-14,IAH,MEX,United,R$1754
2025-11-13,2026-02-14,IAH,MEX,United,R$1754
2025-11-13,2026-02-14,IAH,MEX,Aeromexico,R$2284
2025-11-13,2026-02-14,IAH,MEX,Viva,R$461
2025-11-13,2026-02-14,IAH,MEX,Volaris,R$717
2025-11-13,2026-02-14,IAH,MEX,United,R$855
2025-11-13,2026-02-14,IAH,MEX,United,R$855
2025-11-13,2026-02-14,IAH,MEX,United,R$1754
2025-11-13,2026-02-14,IAH,MEX,United,R$1754
2025-11-13,2026-02-14,IAH,MEX,United,R$1754
2025-11-13,2026-02-14,IAH,MEX,Aeromexico,R$2284
2025-11-13,2026-02-14,GDL,MCO,Volaris,R$1061
2025-11-13,2026-02-14,CLO,MEX,Aeromexico,R$1807
2025-11-13,2026-02-14,MEX,LAS,Viva,R$1545
2025-11-13,2026-02-14,MEX,LAS,Volaris,R$1883
2025-11-13,2026-02-14,MEX,LAS,Aeromexico,R$2313
2025-11-13,2026-02-14,MEX,LAS,Viva,R$1545
2025-11-13,2026-02-14,MEX,LAS,Volaris,R$1883
2025-11-13,2026-02-14,MEX,CTM,Viva,R$277
2025-11-13,2026-02-14,MEX,CTM,Aeromexico,R$615
2025-11-13,2026-02-14,MEX,CTM,Volaris,Price unavailable
2025-11-13,2026-02-14,MEX,CTM,Viva,R$277
2025-11-13,2026-02-14,MEX,CTM,Aeromexico,R$615
2025-11-13,2026-02-14,GDL,SLC,Aeromexico,R$2184
2025-11-13,2026-02-14,LMM,MEX,Aeromexico,R$757
2025-11-13,2026-02-14,LMM,MEX,Volaris,Price unavailable
2025-11-13,2026-02-14,LMM,MEX,Aeromexico,R$757
2025-11-13,2026-02-14,ATL,QRO,Aeromexico,R$1739
2025-11-13,2026-02-14,CDG,MEX,Aeromexico,R$8786
2025-11-13,2026-02-14,CDG,MEX,Air France,R$8942
2025-11-13,2026-02-14,CDG,MEX,Air France,R$8942
2025-11-13,2026-02-14,CDG,MEX,Aeromexico,R$8786
2025-11-13,2026-02-14,CDG,MEX,Air France,R$8942
2025-11-13,2026-02-14,MEX,SAL,Avianca,R$694
2025-11-13,2026-02-14,MEX,SAL,Avianca,R$694
2025-11-13,2026-02-14,MEX,SAL,Aeromexico,R$1007
2025-11-13,2026-02-14,MEX,SAL,Avianca,R$694
2025-11-13,2026-02-14,MEX,SAL,Avianca,R$694
2025-11-13,2026-02-14,MEX,AGU,Aeromexico,R$737
2025-11-13,2026-02-14,MEX,AGU,Aeromexico,R$737
2025-11-13,2026-02-14,MEX,AGU,Aeromexico,R$737
2025-11-13,2026-02-14,MEX,AGU,Aeromexico,R$737
2025-11-13,2026-02-14,MEX,AGU,Aeromexico,R$737
2025-11-13,2026-02-14,MEX,DFW,Volaris,R$810
2025-11-13,2026-02-14,MEX,DFW,Aeromexico,R$1421
2025-11-13,2026-02-14,MEX,DFW,American,R$1430
2025-11-13,2026-02-14,MEX,DFW,American,R$1430
2025-11-13,2026-02-14,MEX,DFW,American,R$1430
2025-11-13,2026-02-14,MEX,DFW,Aeromexico,R$1421
2025-11-13,2026-02-14,MEX,DFW,American,R$1430
2025-11-13,2026-02-14,MEX,DFW,American,R$1430
2025-11-13,2026-02-14,MEX,DFW,American,R$1430
2025-11-13,2026-02-14,MID,MEX,Viva,R$370
2025-11-13,2026-02-14,MID,MEX,Viva,R$515
2025-11-13,2026-02-14,MID,MEX,Viva,R$515
2025-11-13,2026-02-14,MID,MEX,Volaris,Price unavailable
2025-11-13,2026-02-14,MID,MEX,Aeromexico,R$902
2025-11-13,2026-02-14,MID,MEX,Aeromexico,R$902
2025-11-13,2026-02-14,MID,MEX,Aeromexico,R$902
2025-11-13,2026-02-14,MID,MEX,Aeromexico,R$902
2025-11-13,2026-02-14,MID,MEX,Aeromexico,R$902
2025-11-13,2026-02-14,MID,MEX,Aeromexico,R$902
2025-11-13,2026-02-14,MID,MEX,Aeromexico,R$902
2025-11-13,2026-02-14,MID,MEX,Viva,R$370
2025-11-13,2026-02-14,MID,MEX,Viva,R$515
2025-11-13,2026-02-14,MID,MEX,Viva,R$515
2025-11-13,2026-02-14,MID,MEX,Aeromexico,R$902
2025-11-13,2026-02-14,MID,MEX,Aeromexico,R$902
2025-11-13,2026-02-14,MID,MEX,Aeromexico,R$902
2025-11-13,2026-02-14,MID,MEX,Aeromexico,R$902
2025-11-13,2026-02-14,MID,MEX,Aeromexico,R$902
2025-11-13,2026-02-14,MID,MEX,Aeromexico,R$902
2025-11-13,2026-02-14,MID,MEX,Aeromexico,R$902
2025-11-13,2026-02-14,MTY,NLU,Viva,R$203
2025-11-13,2026-02-14,MTY,NLU,Viva,R$229
2025-11-13,2026-02-14,MTY,NLU,Viva,R$229
2025-11-13,2026-02-14,MTY,NLU,Mexicana,Price unavailable
2025-11-13,2026-02-14,MTY,NLU,Viva,R$229
2025-11-13,2026-02-14,MTY,NLU,Viva,R$257
2025-11-13,2026-02-14,MTY,NLU,Viva,R$203
2025-11-13,2026-02-14,MTY,NLU,Viva,R$229
2025-11-13,2026-02-14,MTY,NLU,Viva,R$229
2025-11-13,2026-02-14,MTY,NLU,Viva,R$229
2025-11-13,2026-02-14,MTY,NLU,Viva,R$257
2025-11-13,2026-02-14,TRC,MEX,Viva,R$553
2025-11-13,2026-02-14,TRC,MEX,Aeromexico,R$886
2025-11-13,2026-02-14,TRC,MEX,Aeromexico,R$886
2025-11-13,2026-02-14,TRC,MEX,Aeromexico,R$1270
2025-11-13,2026-02-14,TRC,MEX,Viva,R$553
2025-11-13,2026-02-14,TRC,MEX,Aeromexico,R$886
2025-11-13,2026-02-14,TRC,MEX,Aeromexico,R$886
2025-11-13,2026-02-14,MIA,MTY,American,R$1587
2025-11-13,2026-02-14,MEX,YVR,Aeromexico,R$1312
2025-11-13,2026-02-14,MEX,YVR,Flair Airlines,R$1611
2025-11-13,2026-02-14,MEX,YVR,Aeromexico,R$1671
2025-11-13,2026-02-14,MEX,YVR,Air Canada,R$2989
2025-11-13,2026-02-14,MEX,YVR,Aeromexico,R$1312
2025-11-13,2026-02-14,MEX,YVR,Flair Airlines,R$1611
2025-11-13,2026-02-14,MEX,YVR,Aeromexico,R$1671
2025-11-13,2026-02-14,MEX,TAM,Aeromexico,R$520
2025-11-13,2026-02-14,MEX,TAM,Aeromexico,R$520
2025-11-13,2026-02-14,MEX,TAM,Aeromexico,R$520
2025-11-13,2026-02-14,MEX,TAM,Aeromexico,R$520
2025-11-13,2026-02-14,MEX,TAM,Aeromexico,R$520
2025-11-13,2026-02-14,MEX,AMS,KLM,R$2858
2025-11-13,2026-02-14,MEX,AMS,Aeromexico,R$5125
2025-11-13,2026-02-14,MEX,AMS,KLM,R$2858
2025-11-13,2026-02-14,CTM,MEX,Viva,R$282
2025-11-13,2026-02-14,CTM,MEX,Aeromexico,R$580
2025-11-13,2026-02-14,CTM,MEX,Volaris,Price unavailable
2025-11-13,2026-02-14,CTM,MEX,Viva,R$282
2025-11-13,2026-02-14,CTM,MEX,Aeromexico,R$580
2025-11-13,2026-02-14,MEX,VER,Viva,R$188
2025-11-13,2026-02-14,MEX,VER,Aeromexico,R$767
2025-11-13,2026-02-14,MEX,VER,Aeromexico,R$767
2025-11-13,2026-02-14,MEX,VER,Aeromexico,R$767
2025-11-13,2026-02-14,MEX,VER,Aeromexico,R$767
2025-11-13,2026-02-14,MEX,VER,Aeromexico,R$767
2025-11-13,2026-02-14,MEX,VER,Aeromexico,R$767
2025-11-13,2026-02-14,MEX,VER,Aeromexico,R$767
2025-11-13,2026-02-14,MEX,VER,Aeromexico,R$767
2025-11-13,2026-02-14,MEX,VER,Aeromexico,R$767
2025-11-13,2026-02-14,MEX,VER,Aeromexico,R$767
2025-11-13,2026-02-14,PUJ,MEX,Aeromexico,R$1815
2025-11-13,2026-02-14,YUL,MEX,Air Canada,R$1795
2025-11-13,2026-02-14,YUL,MEX,Aeromexico,R$1798
2025-11-13,2026-02-14,YUL,MEX,Air Canada,R$1795
2025-11-13,2026-02-14,MEX,GDL,Viva,R$188
2025-11-13,2026-02-14,MEX,GDL,Viva,R$292
2025-11-13,2026-02-14,MEX,GDL,Aeromexico,R$419
2025-11-13,2026-02-14,MEX,GDL,Volaris,Price unavailable
2025-11-13,2026-02-14,MEX,GDL,Viva,R$379
2025-11-13,2026-02-14,MEX,GDL,Viva,R$379
2025-11-13,2026-02-14,MEX,GDL,Viva,R$379
2025-11-13,2026-02-14,MEX,GDL,Viva,R$379
2025-11-13,2026-02-14,MEX,GDL,Aeromexico,R$419
2025-11-13,2026-02-14,MEX,GDL,Aeromexico,R$419
2025-11-13,2026-02-14,MEX,GDL,Aeromexico,R$419
2025-11-13,2026-02-14,MEX,GDL,Aeromexico,R$419
2025-11-13,2026-02-14,MEX,GDL,Aeromexico,R$419
2025-11-13,2026-02-14,MEX,GDL,Aeromexico,R$419
2025-11-13,2026-02-14,MEX,GDL,Aeromexico,R$419
2025-11-13,2026-02-14,MEX,GDL,Aeromexico,R$636
2025-11-13,2026-02-14,MEX,GDL,Aeromexico,R$636
2025-11-13,2026-02-14,MEX,GDL,Volaris,Price unavailable
2025-11-13,2026-02-14,MEX,GDL,Volaris,Price unavailable
2025-11-13,2026-02-14,MEX,GDL,Viva,R$188
2025-11-13,2026-02-14,MEX,GDL,Viva,R$292
2025-11-13,2026-02-14,MEX,GDL,Aeromexico,R$419
2025-11-13,2026-02-14,MEX,GDL,Viva,R$379
2025-11-13,2026-02-14,MEX,GDL,Viva,R$379
2025-11-13,2026-02-14,MEX,GDL,Viva,R$379
2025-11-13,2026-02-14,MEX,GDL,Viva,R$379
2025-11-13,2026-02-14,MEX,GDL,Aeromexico,R$419
2025-11-13,2026-02-14,MEX,GDL,Aeromexico,R$419
2025-11-13,2026-02-14,MEX,GDL,Aeromexico,R$419
2025-11-13,2026-02-14,MEX,GDL,Aeromexico,R$419
2025-11-13,2026-02-14,MEX,GDL,Aeromexico,R$419
2025-11-13,2026-02-14,MEX,GDL,Aeromexico,R$419
2025-11-13,2026-02-14,MEX,GDL,Aeromexico,R$419
2025-11-13,2026-02-14,MEX,GDL,Aeromexico,R$636
2025-11-13,2026-02-14,MEX,GDL,Aeromexico,R$636
2025-11-13,2026-02-14,MEX,GDL,Volaris,Price unavailable
2025-11-13,2026-02-14,MEX,GDL,Volaris,Price unavailable
2025-11-13,2026-02-14,ICN,MEX,Aeromexico,R$6622
2025-11-13,2026-02-14,OAX,NLU,Viva,R$223
2025-11-13,2026-02-14,OAX,NLU,Aeromexico,R$367
2025-11-13,2026-02-14,OAX,NLU,Viva,R$223
2025-11-13,2026-02-14,MEX,SCL,LATAM,R$3174
2025-11-13,2026-02-14,MEX,SCL,Aeromexico,R$4626
2025-11-13,2026-02-14,MEX,SCL,LATAM,R$3174
2025-11-13,2026-02-14,CUN,RDU,Delta,R$1140
2025-11-13,2026-02-14,CUN,RDU,Aeromexico,R$1140
2025-11-13,2026-02-14,CUN,RDU,American,R$1413
2025-11-13,2026-02-14,CUN,RDU,Delta,R$1140
2025-11-13,2026-02-14,CUN,RDU,Aeromexico,R$1140
2025-11-13,2026-02-14,CUN,MIA,Aeromexico,R$1036
2025-11-13,2026-02-14,CUN,MIA,American,R$1042
2025-11-13,2026-02-14,CUN,MIA,American,R$1042
2025-11-13,2026-02-14,CUN,MIA,American,R$1042
2025-11-13,2026-02-14,CUN,MIA,American,R$1042
2025-11-13,2026-02-14,CUN,MIA,Aeromexico,R$1036
2025-11-13,2026-02-14,CUN,MIA,American,R$1042
2025-11-13,2026-02-14,CUN,MIA,American,R$1042
2025-11-13,2026-02-14,CUN,MIA,American,R$1042
2025-11-13,2026-02-14,MEX,MXL,Aeromexico,R$994
2025-11-13,2026-02-14,MEX,MXL,Aeromexico,R$994
2025-11-13,2026-02-14,MEX,MXL,Volaris,Price unavailable
2025-11-13,2026-02-14,MEX,MXL,Aeromexico,R$994
2025-11-13,2026-02-14,MEX,MXL,Aeromexico,R$994
2025-11-13,2026-02-14,MEX,DEN,Volaris,R$1157
2025-11-13,2026-02-14,MEX,DEN,United,R$1174
2025-11-13,2026-02-14,MEX,DEN,Aeromexico,R$1729
2025-11-13,2026-02-14,MEX,DEN,Volaris,R$1157
2025-11-13,2026-02-14,MEX,DEN,United,R$1174
2025-11-13,2026-02-14,MEX,HMO,Viva,R$188
2025-11-13,2026-02-14,MEX,HMO,Volaris,Price unavailable
2025-11-13,2026-02-14,MEX,HMO,Aeromexico,R$892
2025-11-13,2026-02-14,MEX,HMO,Aeromexico,R$892
2025-11-13,2026-02-14,MEX,HMO,Aeromexico,R$892
2025-11-13,2026-02-14,MEX,HMO,Viva,R$188
2025-11-13,2026-02-14,MEX,HMO,Aeromexico,R$892
2025-11-13,2026-02-14,MEX,HMO,Aeromexico,R$892
2025-11-13,2026-02-14,MEX,HMO,Aeromexico,R$892
2025-11-13,2026-02-14,DTW,MTY,Aeromexico,R$1997
2025-11-13,2026-02-14,CTG,MEX,Aeromexico,R$1781
2025-11-13,2026-02-14,MEX,MTY,Viva,R$238
2025-11-13,2026-02-14,MEX,MTY,Viva,R$238
2025-11-13,2026-02-14,MEX,MTY,Viva,R$254
2025-11-13,2026-02-14,MEX,MTY,Volaris,Price unavailable
2025-11-13,2026-02-14,MEX,MTY,Viva,R$254
2025-11-13,2026-02-14,MEX,MTY,Viva,R$261
2025-11-13,2026-02-14,MEX,MTY,Viva,R$261
2025-11-13,2026-02-14,MEX,MTY,Viva,R$300
2025-11-13,2026-02-14,MEX,MTY,Viva,R$300
2025-11-13,2026-02-14,MEX,MTY,Viva,R$300
2025-11-13,2026-02-14,MEX,MTY,Viva,R$330
2025-11-13,2026-02-14,MEX,MTY,Viva,R$401
2025-11-13,2026-02-14,MEX,MTY,Aeromexico,R$722
2025-11-13,2026-02-14,MEX,MTY,Aeromexico,R$722
2025-11-13,2026-02-14,MEX,MTY,Aeromexico,R$722
2025-11-13,2026-02-14,MEX,MTY,Aeromexico,R$722
2025-11-13,2026-02-14,MEX,MTY,Aeromexico,R$722
2025-11-13,2026-02-14,MEX,MTY,Aeromexico,R$722
2025-11-13,2026-02-14,MEX,MTY,Aeromexico,R$722
2025-11-13,2026-02-14,MEX,MTY,Aeromexico,R$722
2025-11-13,2026-02-14,MEX,MTY,Aeromexico,R$722
2025-11-13,2026-02-14,MEX,MTY,Aeromexico,R$756
2025-11-13,2026-02-14,MEX,MTY,Aeromexico,R$988
2025-11-13,2026-02-14,MEX,MTY,Volaris,Price unavailable
2025-11-13,2026-02-14,MEX,MTY,Volaris,Price unavailable
2025-11-13,2026-02-14,MEX,MTY,Viva,R$238
2025-11-13,2026-02-14,MEX,MTY,Viva,R$238
2025-11-13,2026-02-14,MEX,MTY,Viva,R$254
2025-11-13,2026-02-14,MEX,MTY,Viva,R$254
2025-11-13,2026-02-14,MEX,MTY,Viva,R$261
2025-11-13,2026-02-14,MEX,MTY,Viva,R$261
2025-11-13,2026-02-14,MEX,MTY,Viva,R$300
2025-11-13,2026-02-14,MEX,MTY,Viva,R$300
2025-11-13,2026-02-14,MEX,MTY,Viva,R$300
2025-11-13,2026-02-14,MEX,MTY,Viva,R$330
2025-11-13,2026-02-14,MEX,MTY,Viva,R$401
2025-11-13,2026-02-14,MEX,MTY,Aeromexico,R$722
2025-11-13,2026-02-14,MEX,MTY,Aeromexico,R$722
2025-11-13,2026-02-14,MEX,MTY,Aeromexico,R$722
2025-11-13,2026-02-14,MEX,MTY,Aeromexico,R$722
2025-11-13,2026-02-14,MEX,MTY,Aeromexico,R$722
2025-11-13,2026-02-14,MEX,MTY,Aeromexico,R$722
2025-11-13,2026-02-14,MEX,MTY,Aeromexico,R$722
2025-11-13,2026-02-14,MEX,MTY,Aeromexico,R$722
2025-11-13,2026-02-14,MEX,MTY,Aeromexico,R$722
2025-11-13,2026-02-14,MEX,MTY,Aeromexico,R$756
2025-11-13,2026-02-14,MEX,MTY,Aeromexico,R$988
2025-11-13,2026-02-14,MEX,MTY,Volaris,Price unavailable
2025-11-13,2026-02-14,MEX,MTY,Volaris,Price unavailable
2025-11-13,2026-02-14,TGZ,MEX,Viva,R$172
2025-11-13,2026-02-14,TGZ,MEX,Volaris,Price unavailable
2025-11-13,2026-02-14,TGZ,MEX,Aeromexico,R$811
2025-11-13,2026-02-14,TGZ,MEX,Aeromexico,R$811
2025-11-13,2026-02-14,TGZ,MEX,Aeromexico,R$811
2025-11-13,2026-02-14,TGZ,MEX,Viva,R$172
2025-11-13,2026-02-14,TGZ,MEX,Aeromexico,R$811
2025-11-13,2026-02-14,TGZ,MEX,Aeromexico,R$811
2025-11-13,2026-02-14,TGZ,MEX,Aeromexico,R$811
2025-11-13,2026-02-14,GUA,MEX,Aeromexico,R$1019
2025-11-13,2026-02-14,GUA,MEX,Aeromexico,R$1019
2025-11-13,2026-02-14,GUA,MEX,Aeromexico,R$1019
2025-11-13,2026-02-14,GUA,MEX,Volaris,Price unavailable
2025-11-13,2026-02-14,GUA,MEX,Aeromexico,R$1019
2025-11-13,2026-02-14,GUA,MEX,Aeromexico,R$1019
2025-11-13,2026-02-14,GUA,MEX,Aeromexico,R$1019
2025-11-13,2026-02-14,NLU,CUN,Viva,R$116
2025-11-13,2026-02-14,NLU,CUN,Volaris,Price unavailable
2025-11-13,2026-02-14,NLU,CUN,Viva,R$270
2025-11-13,2026-02-14,NLU,CUN,Viva,R$276
2025-11-13,2026-02-14,NLU,CUN,Viva,R$314
2025-11-13,2026-02-14,NLU,CUN,Viva,R$116
2025-11-13,2026-02-14,NLU,CUN,Viva,R$270
2025-11-13,2026-02-14,NLU,CUN,Viva,R$276
2025-11-13,2026-02-14,NLU,CUN,Viva,R$314
2025-11-13,2026-02-14,MEX,SAT,Viva,R$778
2025-11-13,2026-02-14,MEX,SAT,Volaris,R$810
2025-11-13,2026-02-14,MEX,SAT,Aeromexico,R$1784
2025-11-13,2026-02-14,MEX,SAT,Viva,R$778
2025-11-13,2026-02-14,MEX,SAT,Volaris,R$810
2025-11-13,2026-02-14,GDL,FAT,Aeromexico,R$1469
2025-11-13,2026-02-14,GDL,FAT,Volaris,Price unavailable
2025-11-13,2026-02-14,GDL,FAT,Volaris,Price unavailable
2025-11-13,2026-02-14,GDL,FAT,Aeromexico,R$1469
2025-11-13,2026-02-14,GDL,FAT,Volaris,Price unavailable
2025-11-13,2026-02-14,SLC,MEX,Delta,R$2548
2025-11-13,2026-02-14,IAD,MEX,United,R$1876
2025-11-13,2026-02-14,IAD,MEX,Aeromexico,R$2405
2025-11-13,2026-02-14,IAD,MEX,United,R$1876
2025-11-13,2026-02-14,MEX,CPE,Aeromexico,R$850
2025-11-13,2026-02-14,MIA,MEX,Volaris,R$860
2025-11-13,2026-02-14,MIA,MEX,Aeromexico,R$1384
2025-11-13,2026-02-14,MIA,MEX,American,R$1384
2025-11-13,2026-02-14,MIA,MEX,American,R$1384
2025-11-13,2026-02-14,MIA,MEX,Aeromexico,R$1384
2025-11-13,2026-02-14,MIA,MEX,Aeromexico,R$1384
2025-11-13,2026-02-14,MIA,MEX,American,R$1384
2025-11-13,2026-02-14,MIA,MEX,Volaris,R$860
2025-11-13,2026-02-14,MIA,MEX,Aeromexico,R$1384
2025-11-13,2026-02-14,MIA,MEX,American,R$1384
2025-11-13,2026-02-14,MIA,MEX,Aeromexico,R$1384
2025-11-13,2026-02-14,MIA,MEX,Aeromexico,R$1384
2025-11-13,2026-02-14,MIA,MEX,American,R$1384
2025-11-13,2026-02-14,TAM,MEX,Aeromexico,R$550
2025-11-13,2026-02-14,TAM,MEX,Aeromexico,R$550
2025-11-13,2026-02-14,TAM,MEX,Aeromexico,R$651
2025-11-13,2026-02-14,TAM,MEX,Aeromexico,R$550
2025-11-13,2026-02-14,TAM,MEX,Aeromexico,R$550
2025-11-13,2026-02-14,MEX,CME,Aeromexico,R$782
2025-11-13,2026-02-14,MEX,OAX,Viva,R$188
2025-11-13,2026-02-14,MEX,OAX,Aeromexico,R$659
2025-11-13,2026-02-14,MEX,OAX,Aeromexico,R$1136
2025-11-13,2026-02-14,MEX,OAX,Aeromexico,R$1136
2025-11-13,2026-02-14,MEX,OAX,Viva,R$188
2025-11-13,2026-02-14,MEX,OAX,Aeromexico,R$1136
2025-11-13,2026-02-14,MEX,OAX,Aeromexico,R$1136
2025-11-13,2026-02-14,LAX,MEX,Viva,R$636
2025-11-13,2026-02-14,LAX,MEX,Volaris,R$1029
2025-11-13,2026-02-14,LAX,MEX,Aeromexico,R$1686
2025-11-13,2026-02-14,LAX,MEX,Aeromexico,R$1686
2025-11-13,2026-02-14,LAX,MEX,Aeromexico,R$1686
2025-11-13,2026-02-14,LAX,MEX,Aeromexico,R$1686
2025-11-13,2026-02-14,LAX,MEX,Viva,R$636
2025-11-13,2026-02-14,LAX,MEX,Aeromexico,R$1686
2025-11-13,2026-02-14,LAX,MEX,Aeromexico,R$1686
2025-11-13,2026-02-14,LAX,MEX,Aeromexico,R$1686
2025-11-13,2026-02-14,LAX,MEX,Aeromexico,R$1686
2025-11-13,2026-02-14,MEX,REX,Viva,R$361
2025-11-13,2026-02-14,MEX,REX,Aeromexico,R$691
2025-11-13,2026-02-14,MEX,REX,Viva,R$361
2025-11-13,2026-02-14,PHL,MEX,Aeromexico,R$1913
2025-11-13,2026-02-14,MEX,LIM,Aeromexico,R$1533
2025-11-13,2026-02-14,MEX,LIM,LATAM,R$2615
2025-11-13,2026-02-14,MEX,LIM,Volaris,Price unavailable
2025-11-13,2026-02-14,MEX,LIM,Aeromexico,R$1533
2025-11-13,2026-02-14,MEX,LIM,LATAM,R$2615
2025-11-13,2026-02-14,MEX,TIJ,Viva,R$352
2025-11-13,2026-02-14,MEX,TIJ,Viva,R$352
2025-11-13,2026-02-14,MEX,TIJ,Viva,R$422
2025-11-13,2026-02-14,MEX,TIJ,Volaris,Price unavailable
2025-11-13,2026-02-14,MEX,TIJ,Aeromexico,R$970
2025-11-13,2026-02-14,MEX,TIJ,Aeromexico,R$970
2025-11-13,2026-02-14,MEX,TIJ,Aeromexico,R$970
2025-11-13,2026-02-14,MEX,TIJ,Aeromexico,R$970
2025-11-13,2026-02-14,MEX,TIJ,Aeromexico,R$970
2025-11-13,2026-02-14,MEX,TIJ,Aeromexico,R$970
2025-11-13,2026-02-14,MEX,TIJ,Aeromexico,R$970
2025-11-13,2026-02-14,MEX,TIJ,Volaris,Price unavailable
2025-11-13,2026-02-14,MEX,TIJ,Volaris,Price unavailable
2025-11-13,2026-02-14,MEX,TIJ,Viva,R$352
2025-11-13,2026-02-14,MEX,TIJ,Viva,R$352
2025-11-13,2026-02-14,MEX,TIJ,Viva,R$422
2025-11-13,2026-02-14,MEX,TIJ,Aeromexico,R$970
2025-11-13,2026-02-14,MEX,TIJ,Aeromexico,R$970
2025-11-13,2026-02-14,MEX,TIJ,Aeromexico,R$970
2025-11-13,2026-02-14,MEX,TIJ,Aeromexico,R$970
2025-11-13,2026-02-14,MEX,TIJ,Aeromexico,R$970
2025-11-13,2026-02-14,MEX,TIJ,Aeromexico,R$970
2025-11-13,2026-02-14,MEX,TIJ,Aeromexico,R$970
2025-11-13,2026-02-14,MEX,TIJ,Volaris,Price unavailable
2025-11-13,2026-02-14,MEX,TIJ,Volaris,Price unavailable
2025-11-13,2026-02-14,MEX,SJO,Avianca,R$803
2025-11-13,2026-02-14,MEX,SJO,Aeromexico,R$1085
2025-11-13,2026-02-14,MEX,SJO,Aeromexico,R$1085
2025-11-13,2026-02-14,MEX,SJO,Volaris Costa Rica,Price unavailable
2025-11-13,2026-02-14,MEX,SJO,Avianca,R$803
2025-11-13,2026-02-14,MEX,SJO,Aeromexico,R$1085
2025-11-13,2026-02-14,MEX,SJO,Aeromexico,R$1085
2025-11-13,2026-02-14,MEX,CEN,Aeromexico,R$778
2025-11-13,2026-02-14,MEX,ZLO,Aeromexico,R$967
2025-11-13,2026-02-14,MEX,ZLO,Aeromexico,R$967
2025-11-13,2026-02-14,MEX,ZLO,Aeromexico,R$967
2025-11-13,2026-02-14,NLU,MTY,Viva,R$127
2025-11-13,2026-02-14,NLU,MTY,Mexicana,Price unavailable
2025-11-13,2026-02-14,NLU,MTY,Viva,R$195
2025-11-13,2026-02-14,NLU,MTY,Viva,R$195
2025-11-13,2026-02-14,NLU,MTY,Viva,R$222
2025-11-13,2026-02-14,NLU,MTY,Viva,R$223
2025-11-13,2026-02-14,NLU,MTY,Viva,R$127
2025-11-13,2026-02-14,NLU,MTY,Viva,R$195
2025-11-13,2026-02-14,NLU,MTY,Viva,R$195
2025-11-13,2026-02-14,NLU,MTY,Viva,R$222
2025-11-13,2026-02-14,NLU,MTY,Viva,R$223
2025-11-13,2026-02-14,ORD,GDL,Viva,R$514
2025-11-13,2026-02-14,ORD,GDL,Volaris,R$775
2025-11-13,2026-02-14,ORD,GDL,Volaris,R$775
2025-11-13,2026-02-14,ORD,GDL,Aeromexico,R$1193
2025-11-13,2026-02-14,ORD,GDL,Viva,R$514
2025-11-13,2026-02-14,ORD,GDL,Volaris,R$775
2025-11-13,2026-02-14,ORD,GDL,Volaris,R$775
2025-11-13,2026-02-14,GDL,SFO,Aeromexico,R$1436
2025-11-13,2026-02-14,QRO,MTY,Viva,R$112
2025-11-13,2026-02-14,QRO,MTY,Volaris,Price unavailable
2025-11-13,2026-02-14,QRO,MTY,Viva,R$112
2025-11-13,2026-02-14,QRO,MTY,Viva,R$112
2025-11-13,2026-02-14,QRO,MTY,Viva,R$112
2025-11-13,2026-02-14,QRO,MTY,Viva,R$112
2025-11-13,2026-02-14,QRO,MTY,Viva,R$112
2025-11-13,2026-02-14,QRO,MTY,Viva,R$112
2025-11-13,2026-02-14,QRO,MTY,Viva,R$112
2025-11-13,2026-02-14,MEX,CTG,Aeromexico,R$1351
2025-11-13,2026-02-14,MEX,LMM,Aeromexico,R$747
2025-11-13,2026-02-14,MEX,LMM,Volaris,Price unavailable
2025-11-13,2026-02-14,MEX,LMM,Aeromexico,R$747
2025-11-13,2026-02-14,MEX,AUS,Aeromexico,R$1895
2025-11-13,2026-02-14,MEX,PTY,Aeromexico,R$2924
2025-11-13,2026-02-14,MEX,PTY,COPA,R$2937
2025-11-13,2026-02-14,MEX,PTY,COPA,R$2937
2025-11-13,2026-02-14,MEX,PTY,COPA,R$2937
2025-11-13,2026-02-14,MEX,PTY,COPA,R$2937
2025-11-13,2026-02-14,MEX,PTY,COPA,R$2937
2025-11-13,2026-02-14,MEX,PTY,COPA,R$2937
2025-11-13,2026-02-14,MEX,PTY,COPA,R$2937
2025-11-13,2026-02-14,MEX,PTY,COPA,R$2937
2025-11-13,2026-02-14,HMO,MEX,Viva,R$364
2025-11-13,2026-02-14,HMO,MEX,Volaris,Price unavailable
2025-11-13,2026-02-14,HMO,MEX,Aeromexico,R$831
2025-11-13,2026-02-14,HMO,MEX,Aeromexico,R$831
2025-11-13,2026-02-14,HMO,MEX,Aeromexico,R$831
2025-11-13,2026-02-14,HMO,MEX,Viva,R$364
2025-11-13,2026-02-14,HMO,MEX,Aeromexico,R$831
2025-11-13,2026-02-14,HMO,MEX,Aeromexico,R$831
2025-11-13,2026-02-14,HMO,MEX,Aeromexico,R$831
2025-11-13,2026-02-14,SCL,MEX,LATAM,R$2190
2025-11-13,2026-02-14,SCL,MEX,Aeromexico,R$3584
2025-11-13,2026-02-14,SCL,MEX,LATAM,R$2190
2025-11-13,2026-02-14,NLU,OAX,Viva,R$119
2025-11-13,2026-02-14,NLU,OAX,Aeromexico,R$269
2025-11-13,2026-02-14,NLU,OAX,Viva,R$119
2025-11-13,2026-02-14,MEX,HAV,Aeromexico,R$2199
2025-11-13,2026-02-14,MEX,ZCL,Aeromexico,R$718
2025-11-13,2026-02-14,MEX,SJD,Aeromexico,R$691
2025-11-13,2026-02-14,MEX,SJD,Volaris,Price unavailable
2025-11-13,2026-02-14,MEX,SJD,Aeromexico,R$691
2025-11-13,2026-02-14,MEX,SJD,Aeromexico,R$691
2025-11-13,2026-02-14,MEX,SJD,Aeromexico,R$760
2025-11-13,2026-02-14,MEX,SJD,Aeromexico,R$691
2025-11-13,2026-02-14,MEX,SJD,Aeromexico,R$691
2025-11-13,2026-02-14,MEX,SJD,Aeromexico,R$691
2025-11-13,2026-02-14,MEX,SJD,Aeromexico,R$760
2025-11-13,2026-02-14,SLC,GDL,Aeromexico,R$1913
2025-11-13,2026-02-14,NLU,DGO,Aeromexico,R$307
2025-11-13,2026-02-14,LHR,MEX,Aeromexico,R$3325
2025-11-13,2026-02-14,LHR,MEX,British Airways,R$5874
2025-11-13,2026-02-14,LHR,MEX,Aeromexico,R$3325
2025-11-13,2026-02-14,MEX,TQO,Aeromexico,R$652
2025-11-13,2026-02-14,ZCL,MEX,Aeromexico,R$817
2025-11-13,2026-02-14,RDU,MEX,Aeromexico,R$2046
2025-11-13,2026-02-14,NLU,MID,Viva,R$162
2025-11-13,2026-02-14,NLU,MID,Aeromexico,R$306
2025-11-13,2026-02-14,NLU,MID,Viva,R$357
2025-11-13,2026-02-14,NLU,MID,Volaris,Price unavailable
2025-11-13,2026-02-14,NLU,MID,Mexicana,Price unavailable
2025-11-13,2026-02-14,NLU,MID,Viva,R$162
2025-11-13,2026-02-14,NLU,MID,Aeromexico,R$306
2025-11-13,2026-02-14,NLU,MID,Viva,R$357
2025-11-13,2026-02-14,NLU,MID,Volaris,Price unavailable
2025-11-13,2026-02-14,MEX,CJS,Viva,R$282
2025-11-13,2026-02-14,MEX,CJS,Volaris,Price unavailable
2025-11-13,2026-02-14,MEX,CJS,Aeromexico,R$589
2025-11-13,2026-02-14,MEX,CJS,Aeromexico,R$589
2025-11-13,2026-02-14,MEX,CJS,Viva,R$282
2025-11-13,2026-02-14,MEX,CJS,Aeromexico,R$589
2025-11-13,2026-02-14,MEX,CJS,Aeromexico,R$589
2025-11-13,2026-02-14,MEX,DGO,Aeromexico,R$833
2025-11-13,2026-02-14,TAP,MEX,Aeromexico,R$689
2025-11-13,2026-02-14,TAP,MEX,Aeromexico,R$1203
2025-11-13,2026-02-14,TAP,MEX,Volaris,Price unavailable
2025-11-13,2026-02-14,TAP,MEX,Aeromexico,R$689
2025-11-13,2026-02-14,TAP,MEX,Aeromexico,R$1203
2025-11-13,2026-02-14,MEX,IAH,Viva,R$786
2025-11-13,2026-02-14,MEX,IAH,Volaris,R$810
2025-11-13,2026-02-14,MEX,IAH,United,R$1041
2025-11-13,2026-02-14,MEX,IAH,United,R$1041
2025-11-13,2026-02-14,MEX,IAH,United,R$1041
2025-11-13,2026-02-14,MEX,IAH,United,R$1041
2025-11-13,2026-02-14,MEX,IAH,Aeromexico,R$1977
2025-11-13,2026-02-14,MEX,IAH,United,R$1977
2025-11-13,2026-02-14,MEX,IAH,United,R$1977
2025-11-13,2026-02-14,MEX,IAH,Viva,R$786
2025-11-13,2026-02-14,MEX,IAH,Volaris,R$810
2025-11-13,2026-02-14,MEX,IAH,United,R$1041
2025-11-13,2026-02-14,MEX,IAH,United,R$1041
2025-11-13,2026-02-14,MEX,IAH,United,R$1041
2025-11-13,2026-02-14,MEX,IAH,Aeromexico,R$1977
2025-11-13,2026-02-14,MEX,IAH,United,R$1977
2025-11-13,2026-02-14,MEX,IAH,United,R$1977
2025-11-13,2026-02-14,MEX,CUU,Viva,R$289
2025-11-13,2026-02-14,MEX,CUU,Volaris,Price unavailable
2025-11-13,2026-02-14,MEX,CUU,Aeromexico,R$1026
2025-11-13,2026-02-14,MEX,CUU,Aeromexico,R$1026
2025-11-13,2026-02-14,MEX,CUU,Aeromexico,R$1026
2025-11-13,2026-02-14,MEX,CUU,Viva,R$289
2025-11-13,2026-02-14,MEX,CUU,Aeromexico,R$1026
2025-11-13,2026-02-14,MEX,CUU,Aeromexico,R$1026
2025-11-13,2026-02-14,MEX,CUU,Aeromexico,R$1026
2025-11-13,2026-02-14,MEX,TRC,Viva,R$367
2025-11-13,2026-02-14,MEX,TRC,Aeromexico,R$740
2025-11-13,2026-02-14,MEX,TRC,Aeromexico,R$740
2025-11-13,2026-02-14,MEX,TRC,Aeromexico,R$740
2025-11-13,2026-02-14,MEX,TRC,Viva,R$367
2025-11-13,2026-02-14,MEX,TRC,Aeromexico,R$740
2025-11-13,2026-02-14,MEX,TRC,Aeromexico,R$740
2025-11-13,2026-02-14,MEX,BOS,Aeromexico,R$2142
2025-11-13,2026-02-14,CME,MEX,Aeromexico,R$734
2025-11-13,2026-02-14,MEX,TGZ,Viva,R$195
2025-11-13,2026-02-14,MEX,TGZ,Volaris,Price unavailable
2025-11-13,2026-02-14,MEX,TGZ,Aeromexico,R$677
2025-11-13,2026-02-14,MEX,TGZ,Aeromexico,R$677
2025-11-13,2026-02-14,MEX,TGZ,Aeromexico,R$677
2025-11-13,2026-02-14,MEX,TGZ,Viva,R$195
2025-11-13,2026-02-14,MEX,TGZ,Aeromexico,R$677
2025-11-13,2026-02-14,MEX,TGZ,Aeromexico,R$677
2025-11-13,2026-02-14,MEX,TGZ,Aeromexico,R$677
2025-11-13,2026-02-14,MEX,YUL,Air Canada,R$1328
2025-11-13,2026-02-14,MEX,YUL,Aeromexico,R$1450
2025-11-13,2026-02-14,MEX,YUL,Air Canada,R$1328
2025-11-13,2026-02-14,MEX,MCO,Volaris,R$826
2025-11-13,2026-02-14,MEX,MCO,Aeromexico,R$1592
2025-11-13,2026-02-14,MEX,MCO,Aeromexico,R$1592
2025-11-13,2026-02-14,MEX,MCO,Volaris,R$826
2025-11-13,2026-02-14,MEX,MCO,Aeromexico,R$1592
2025-11-13,2026-02-14,CJS,MEX,Viva,R$431
2025-11-13,2026-02-14,CJS,MEX,Aeromexico,R$556
2025-11-13,2026-02-14,CJS,MEX,Aeromexico,R$556
2025-11-13,2026-02-14,CJS,MEX,Volaris,Price unavailable
2025-11-13,2026-02-14,CJS,MEX,Viva,R$431
2025-11-13,2026-02-14,CJS,MEX,Aeromexico,R$556
2025-11-13,2026-02-14,CJS,MEX,Aeromexico,R$556
2025-11-13,2026-02-14,BOS,MEX,Aeromexico,R$4777
2025-11-13,2026-02-14,MIA,CUN,Aeromexico,R$934
2025-11-13,2026-02-14,MIA,CUN,American,R$1283
2025-11-13,2026-02-14,MIA,CUN,American,R$1283
2025-11-13,2026-02-14,MIA,CUN,American,R$1283
2025-11-13,2026-02-14,MIA,CUN,American,R$1537
2025-11-13,2026-02-14,MIA,CUN,American,R$1283
2025-11-13,2026-02-14,MIA,CUN,American,R$1283
2025-11-13,2026-02-14,MIA,CUN,American,R$1283
2025-11-13,2026-02-14,MIA,CUN,American,R$1537
2025-11-13,2026-02-14,MTY,ATL,Aeromexico,R$1815
2025-11-13,2026-02-14,MTY,ATL,Delta,R$1815
2025-11-13,2026-02-14,MTY,ATL,Aeromexico,R$1815
2025-11-13,2026-02-14,DEN,MTY,Viva,R$1039
2025-11-13,2026-02-14,DGO,NLU,Aeromexico,R$361
2025-11-13,2026-02-14,LAS,MEX,Viva,R$898
2025-11-13,2026-02-14,LAS,MEX,Volaris,R$2083
2025-11-13,2026-02-14,LAS,MEX,Aeromexico,R$5920
2025-11-13,2026-02-14,LAS,MEX,Viva,R$898
2025-11-13,2026-02-14,LAS,MEX,Volaris,R$2083
2025-11-13,2026-02-14,MEX,MID,Viva,R$379
2025-11-13,2026-02-14,MEX,MID,Viva,R$408
2025-11-13,2026-02-14,MEX,MID,Viva,R$524
2025-11-13,2026-02-14,MEX,MID,Volaris,Price unavailable
2025-11-13,2026-02-14,MEX,MID,Aeromexico,R$846
2025-11-13,2026-02-14,MEX,MID,Aeromexico,R$846
2025-11-13,2026-02-14,MEX,MID,Aeromexico,R$846
2025-11-13,2026-02-14,MEX,MID,Aeromexico,R$846
2025-11-13,2026-02-14,MEX,MID,Aeromexico,R$846
2025-11-13,2026-02-14,MEX,MID,Aeromexico,R$846
2025-11-13,2026-02-14,MEX,MID,Aeromexico,R$846
2025-11-13,2026-02-14,MEX,MID,Viva,R$379
2025-11-13,2026-02-14,MEX,MID,Viva,R$408
2025-11-13,2026-02-14,MEX,MID,Viva,R$524
2025-11-13,2026-02-14,MEX,MID,Aeromexico,R$846
2025-11-13,2026-02-14,MEX,MID,Aeromexico,R$846
2025-11-13,2026-02-14,MEX,MID,Aeromexico,R$846
2025-11-13,2026-02-14,MEX,MID,Aeromexico,R$846
2025-11-13,2026-02-14,MEX,MID,Aeromexico,R$846
2025-11-13,2026-02-14,MEX,MID,Aeromexico,R$846
2025-11-13,2026-02-14,MEX,MID,Aeromexico,R$846
2025-11-13,2026-02-14,BJX,MEX,Aeromexico,R$1195
2025-11-13,2026-02-14,BJX,MEX,Aeromexico,R$1195
2025-11-13,2026-02-14,BJX,MEX,Aeromexico,R$1195
2025-11-13,2026-02-14,BJX,MEX,Aeromexico,R$1229
2025-11-13,2026-02-14,BJX,MEX,Aeromexico,R$1195
2025-11-13,2026-02-14,BJX,MEX,Aeromexico,R$1195
2025-11-13,2026-02-14,BJX,MEX,Aeromexico,R$1195
2025-11-13,2026-02-14,MZT,MEX,Viva,R$300
2025-11-13,2026-02-14,MZT,MEX,Aeromexico,R$1130
2025-11-13,2026-02-14,MZT,MEX,Aeromexico,R$1265
2025-11-13,2026-02-14,MZT,MEX,Volaris,Price unavailable
2025-11-13,2026-02-14,MZT,MEX,Viva,R$300
2025-11-13,2026-02-14,MZT,MEX,Aeromexico,R$1130
2025-11-13,2026-02-14,MZT,MEX,Aeromexico,R$1265
2025-11-13,2026-02-14,MEX,BOG,Avianca,R$974
2025-11-13,2026-02-14,MEX,BOG,Avianca,R$974
2025-11-13,2026-02-14,MEX,BOG,Avianca,R$974
2025-11-13,2026-02-14,MEX,BOG,Avianca,R$974
2025-11-13,2026-02-14,MEX,BOG,Aeromexico,R$1202
2025-11-13,2026-02-14,MEX,BOG,Aeromexico,R$1202
2025-11-13,2026-02-14,MEX,BOG,Avianca,R$974
2025-11-13,2026-02-14,MEX,BOG,Avianca,R$974
2025-11-13,2026-02-14,MEX,BOG,Avianca,R$974
2025-11-13,2026-02-14,MEX,BOG,Aeromexico,R$1202
2025-11-13,2026-02-14,MEX,BOG,Aeromexico,R$1202
2025-11-13,2026-02-14,MEX,CUL,Aeromexico,R$794
2025-11-13,2026-02-14,MEX,CUL,Aeromexico,R$828
2025-11-13,2026-02-14,MEX,CUL,Volaris,Price unavailable
2025-11-13,2026-02-14,MEX,CUL,Aeromexico,R$794
2025-11-13,2026-02-14,MEX,CUL,Aeromexico,R$828
2025-11-13,2026-02-14,EWR,MEX,United,R$1781
2025-11-13,2026-02-14,EWR,MEX,United,R$1781
2025-11-13,2026-02-14,EWR,MEX,Aeromexico,R$3607
2025-11-13,2026-02-14,EWR,MEX,Volaris,Price unavailable
2025-11-13,2026-02-14,EWR,MEX,United,R$1781
2025-11-13,2026-02-14,EWR,MEX,United,R$1781
2025-11-13,2026-02-14,EWR,MEX,Aeromexico,R$3607
2025-11-13,2026-02-14,MEX,MLM,Aeromexico,R$760
2025-11-13,2026-02-14,MEX,SEA,Aeromexico,R$2748
2025-11-13,2026-02-14,LAX,ZLO,Alaska,R$2596
2025-11-13,2026-02-14,CPE,MEX,Aeromexico,R$860
