TabelaReferenciaCodigo,CodigoTipoVeiculo,CodigoMarca,CodigoModelo,AnoModeloParam,CodigoTipoCombustivelParam,Valor,Marca,Modelo,AnoModelo,CodigoFipe,Combustivel,TipoVeiculo,SiglaCombustivel,MesReferencia,Autenticacao,DataConsulta,ValorNum
325,1,,,2021,,"R$ 46.428,00",Fiat,UNO ATTRACTIVE 1.0 Fire Flex 8V 5p,2021,001424-9,Flex,1,F,setembro de 2025 ,wwpl61v3p8g6,"segunda-feira, 1 de setembro de 2025 05:59",46428.0
325,1,,,2022,,"R$ 125.641,00",Fiat,Toro Volcano 2.0 16V 4x4 TB Diesel Aut.,2022,001453-2,Diesel,1,D,setembro de 2025 ,g2m0fj26dqdm9,"segunda-feira, 1 de setembro de 2025 05:59",125641.0
325,1,,,2023,,"R$ 141.199,00",Fiat,Toro Volcano 2.0 16V 4x4 TB Diesel Aut.,2023,001453-2,Diesel,1,D,setembro de 2025 ,hnwhhnk2lndrj,"segunda-feira, 1 de setembro de 2025 05:59",141199.0
325,1,,,2024,,"R$ 160.146,00",Fiat,Toro Volcano 2.0 16V 4x4 TB Diesel Aut.,2024,001453-2,Diesel,1,D,setembro de 2025 ,jc244l9y9rdvr,"segunda-feira, 1 de setembro de 2025 05:59",160146.0
325,1,,,2025,,"R$ 166.078,00",Fiat,Toro Volcano 2.0 16V 4x4 TB Diesel Aut.,2025,001453-2,Diesel,1,D,setembro de 2025 ,jl1r10jqwfdyz,"segunda-feira, 1 de setembro de 2025 05:59",166078.0
325,1,,,2021,,"R$ 47.727,00",Fiat,MOBI LIKE 1.0 Fire Flex 5p.,2021,001461-3,Flex,1,F,setembro de 2025 ,xcxrsdp6b7g6,"segunda-feira, 1 de setembro de 2025 05:59",47727.0
325,1,,,2022,,"R$ 50.567,00",Fiat,MOBI LIKE 1.0 Fire Flex 5p.,2022,001461-3,Flex,1,F,setembro de 2025 ,yf60m84709lf,"segunda-feira, 1 de setembro de 2025 05:59",50567.0
325,1,,,2023,,"R$ 53.572,00",Fiat,MOBI LIKE 1.0 Fire Flex 5p.,2023,001461-3,Flex,1,F,setembro de 2025 ,zlf7nq224zpn,"segunda-feira, 1 de setembro de 2025 05:59",53572.0
325,1,,,2024,,"R$ 57.208,00",Fiat,MOBI LIKE 1.0 Fire Flex 5p.,2024,001461-3,Flex,1,F,setembro de 2025 ,0y2thxbjdfsw,"segunda-feira, 1 de setembro de 2025 05:59",57208.0
325,1,,,2025,,"R$ 62.759,00",Fiat,MOBI LIKE 1.0 Fire Flex 5p.,2025,001461-3,Flex,1,F,setembro de 2025 ,215fqp7bsrw3,"segunda-feira, 1 de setembro de 2025 06:00",62759.0
325,1,,,2022,,"R$ 117.503,00",Fiat,Toro Freedom 2.0 16V 4x4 TB Diesel Aut.,2022,001487-7,Diesel,1,D,setembro de 2025 ,gr26wsz614dm9,"segunda-feira, 1 de setembro de 2025 06:00",117503.0
325,1,,,2023,,"R$ 128.234,00",Fiat,Toro Freedom 2.0 16V 4x4 TB Diesel Aut.,2023,001487-7,Diesel,1,D,setembro de 2025 ,g5n73jzf8qdrj,"segunda-feira, 1 de setembro de 2025 06:00",128234.0
325,1,,,2021,,"R$ 57.435,00",Fiat,ARGO DRIVE 1.0 6V Flex,2021,001494-0,Flex,1,F,setembro de 2025 ,01q97qy3dqg6,"segunda-feira, 1 de setembro de 2025 06:00",57435.0
325,1,,,2022,,"R$ 60.438,00",Fiat,ARGO DRIVE 1.0 6V Flex,2022,001494-0,Flex,1,F,setembro de 2025 ,15ytqlm7z2lf,"segunda-feira, 1 de setembro de 2025 06:00",60438.0
325,1,,,2023,,"R$ 65.643,00",Fiat,ARGO DRIVE 1.0 6V Flex,2023,001494-0,Flex,1,F,setembro de 2025 ,34zpcklx9lpn,"segunda-feira, 1 de setembro de 2025 06:00",65643.0
325,1,,,2024,,"R$ 70.113,00",Fiat,ARGO DRIVE 1.0 6V Flex,2024,001494-0,Flex,1,F,setembro de 2025 ,5vddb6bx3ksw,"segunda-feira, 1 de setembro de 2025 06:00",70113.0
325,1,,,2025,,"R$ 77.723,00",Fiat,ARGO DRIVE 1.0 6V Flex,2025,001494-0,Flex,1,F,setembro de 2025 ,8qmdg0r4kzw3,"segunda-feira, 1 de setembro de 2025 06:00",77723.0
325,1,,,2019,,"R$ 143.900,00",Fiat,Ducato Cargo Médio 2.3 16V Diesel,2019,001498-2,Diesel,1,D,setembro de 2025 ,hr1nv1zfyndbm,"segunda-feira, 1 de setembro de 2025 06:46",143900.0
325,1,,,2022,,"R$ 67.887,00",Fiat,CRONOS DRIVE 1.3 8V Flex,2022,001505-9,Flex,1,F,setembro de 2025 ,4z89r1byl5lf,"segunda-feira, 1 de setembro de 2025 06:00",67887.0
325,1,,,2023,,"R$ 75.450,00",Fiat,CRONOS DRIVE 1.3 8V Flex,2023,001505-9,Flex,1,F,setembro de 2025 ,7vy690ybp0pn,"segunda-feira, 1 de setembro de 2025 06:00",75450.0
325,1,,,2024,,"R$ 81.763,00",Fiat,CRONOS DRIVE 1.3 8V Flex,2024,001505-9,Flex,1,F,setembro de 2025 ,97ztd3dqp7sw,"segunda-feira, 1 de setembro de 2025 06:00",81763.0
325,1,,,2025,,"R$ 84.855,00",Fiat,CRONOS DRIVE 1.3 8V Flex,2025,001505-9,Flex,1,F,setembro de 2025 ,ccd7np438qyw3,"segunda-feira, 1 de setembro de 2025 06:00",84855.0
325,1,,,2022,,"R$ 66.487,00",Fiat,CRONOS 1.3 8V Flex,2022,001506-7,Flex,1,F,setembro de 2025 ,4gwf5zltz3lf,"segunda-feira, 1 de setembro de 2025 06:00",66487.0
325,1,,,2022,,"R$ 59.092,00",Fiat,ARGO 1.0 6V Flex,2022,001509-1,Flex,1,F,setembro de 2025 ,1n5lk56tk1dny,"segunda-feira, 1 de setembro de 2025 06:00",59092.0
325,1,,,2023,,"R$ 62.472,00",Fiat,ARGO 1.0 6V Flex,2023,001509-1,Flex,1,F,setembro de 2025 ,2ys3x0pcd6dr5,"segunda-feira, 1 de setembro de 2025 06:00",62472.0
325,1,,,2024,,"R$ 69.199,00",Fiat,ARGO 1.0 6V Flex,2024,001509-1,Flex,1,F,setembro de 2025 ,5hn5syjhd6dwd,"segunda-feira, 1 de setembro de 2025 06:00",69199.0
325,1,,,2025,,"R$ 75.670,00",Fiat,ARGO 1.0 6V Flex,2025,001509-1,Flex,1,F,setembro de 2025 ,7yj55jlq0xdzm,"segunda-feira, 1 de setembro de 2025 06:00",75670.0
325,1,,,2024,,"R$ 86.842,00",Fiat,ARGO TREKKING 1.3 8V Flex,2024,001519-9,Flex,1,F,setembro de 2025 ,cc5jwbz73qwsw,"segunda-feira, 1 de setembro de 2025 06:00",86842.0
325,1,,,2022,,"R$ 106.496,00",Fiat,Toro Endurance 2.0 16V 4x4 Diesel Aut.,2022,001520-2,Diesel,1,D,setembro de 2025 ,gb54pkmy9mdm9,"segunda-feira, 1 de setembro de 2025 06:00",106496.0
325,1,,,2022,,"R$ 70.742,00",Fiat,Strada Endurance 1.4 Flex 8V CS Plus,2022,001526-1,Flex,1,F,setembro de 2025 ,52r0ncm637lf,"segunda-feira, 1 de setembro de 2025 06:00",70742.0
325,1,,,2023,,"R$ 77.439,00",Fiat,Strada Endurance 1.4 Flex 8V CS Plus,2023,001526-1,Flex,1,F,setembro de 2025 ,8l85hgrx7dpn,"segunda-feira, 1 de setembro de 2025 06:00",77439.0
325,1,,,2024,,"R$ 95.401,00",Fiat,Strada Freedom 1.3 Flex 8V  CS Plus,2024,001527-0,Flex,1,F,setembro de 2025 ,chdwtc4xd2rsw,"segunda-feira, 1 de setembro de 2025 06:00",95401.0
325,1,,,2023,,"R$ 99.292,00",Fiat,Strada Freedom 1.3 Flex 8V CD,2023,001530-0,Flex,1,F,setembro de 2025 ,cjwh2gcsxhlpn,"segunda-feira, 1 de setembro de 2025 06:00",99292.0
325,1,,,2024,,"R$ 102.580,00",Fiat,Strada Freedom 1.3 Flex 8V CD,2024,001530-0,Flex,1,F,setembro de 2025 ,f6ls9w8vdsdwd,"segunda-feira, 1 de setembro de 2025 06:00",102580.0
325,1,,,2025,,"R$ 110.020,00",Fiat,Strada Freedom 1.3 Flex 8V CD,2025,001530-0,Flex,1,F,setembro de 2025 ,gg97cwl48sdzm,"segunda-feira, 1 de setembro de 2025 06:00",110020.0
325,1,,,2021,,"R$ 75.501,00",Fiat,Fiorino Endurance EVO 1.4 Flex 8V 2p,2021,001531-8,Flex,1,F,setembro de 2025 ,7wkry2bxgrg6,"segunda-feira, 1 de setembro de 2025 06:00",75501.0
325,1,,,2022,,"R$ 81.065,00",Fiat,Fiorino Endurance EVO 1.4 Flex 8V 2p,2022,001531-8,Flex,1,F,setembro de 2025 ,9zs3npvq85lf,"segunda-feira, 1 de setembro de 2025 06:00",81065.0
325,1,,,2023,,"R$ 85.763,00",Fiat,Fiorino Endurance EVO 1.4 Flex 8V 2p,2023,001531-8,Flex,1,F,setembro de 2025 ,ccrwpnfww3xpn,"segunda-feira, 1 de setembro de 2025 06:00",85763.0
325,1,,,2024,,"R$ 90.624,00",Fiat,Fiorino Endurance EVO 1.4 Flex 8V 2p,2024,001531-8,Flex,1,F,setembro de 2025 ,cflwh7444vysw,"segunda-feira, 1 de setembro de 2025 06:00",90624.0
325,1,,,2025,,"R$ 102.502,00",Fiat,Fiorino Endurance EVO 1.4 Flex 8V 2p,2025,001531-8,Flex,1,F,setembro de 2025 ,f6hzfdxqc8dzm,"segunda-feira, 1 de setembro de 2025 06:00",102502.0
325,1,,,2024,,"R$ 61.863,00",Fiat,MOBI TREKKING 1.0 Flex 5p.,2024,001536-9,Flex,1,F,setembro de 2025 ,2qnrz1vxdvsw,"segunda-feira, 1 de setembro de 2025 06:00",61863.0
325,1,,,2025,,"R$ 69.749,00",Fiat,MOBI TREKKING 1.0 Flex 5p.,2025,001536-9,Flex,1,F,setembro de 2025 ,5p32y3jyjsw3,"segunda-feira, 1 de setembro de 2025 06:00",69749.0
325,1,,,2022,,"R$ 109.807,00",Fiat,Toro Freedom 1.3 T270 4x2 Flex Aut.,2022,001538-5,Flex,1,F,setembro de 2025 ,gg2hcxl3fbdny,"segunda-feira, 1 de setembro de 2025 06:00",109807.0
325,1,,,2023,,"R$ 118.186,00",Fiat,Toro Freedom 1.3 T270 4x2 Flex Aut.,2023,001538-5,Flex,1,F,setembro de 2025 ,gsw1gmsv9zdr5,"segunda-feira, 1 de setembro de 2025 06:00",118186.0
325,1,,,2024,,"R$ 129.897,00",Fiat,Toro Freedom 1.3 T270 4x2 Flex Aut.,2024,001538-5,Flex,1,F,setembro de 2025 ,g7mpw6x4bcdwd,"segunda-feira, 1 de setembro de 2025 06:00",129897.0
325,1,,,2025,,"R$ 139.394,00",Fiat,Toro Freedom 1.3 T270 4x2 Flex Aut.,2025,001538-5,Flex,1,F,setembro de 2025 ,hlrwp1dd71dzm,"segunda-feira, 1 de setembro de 2025 06:00",139394.0
325,1,,,2024,,"R$ 137.465,00",Fiat,Toro Volcano 1.3 T270 4x2 Flex Aut.,2024,001539-3,Flex,1,F,setembro de 2025 ,hjhr54728ndwd,"segunda-feira, 1 de setembro de 2025 06:00",137465.0
325,1,,,2022,,"R$ 90.096,00",Fiat,PULSE AUDACE 1.0 Turbo 200 Flex Aut.,2022,001542-3,Flex,1,F,setembro de 2025 ,cfdplzr3y45lf,"segunda-feira, 1 de setembro de 2025 06:00",90096.0
325,1,,,2023,,"R$ 95.759,00",Fiat,PULSE AUDACE 1.0 Turbo 200 Flex Aut.,2023,001542-3,Flex,1,F,setembro de 2025 ,chj2x5jxn1kpn,"segunda-feira, 1 de setembro de 2025 06:00",95759.0
325,1,,,2024,,"R$ 101.020,00",Fiat,PULSE AUDACE 1.0 Turbo 200 Flex Aut.,2024,001542-3,Flex,1,F,setembro de 2025 ,f4r3kzzgw6dwd,"segunda-feira, 1 de setembro de 2025 06:00",101020.0
325,1,,,2025,,"R$ 112.604,00",Fiat,PULSE AUDACE 1.0 Turbo 200 Flex Aut.,2025,001542-3,Flex,1,F,setembro de 2025 ,glb4xjx8n1dzm,"segunda-feira, 1 de setembro de 2025 06:00",112604.0
325,1,,,2023,,"R$ 90.904,00",Fiat,PULSE DRIVE 1.3 8V Flex Aut.,2023,001544-0,Flex,1,F,setembro de 2025 ,cfp485ldky0pn,"segunda-feira, 1 de setembro de 2025 06:00",90904.0
325,1,,,2024,,"R$ 93.581,00",Fiat,PULSE DRIVE 1.3 8V Flex Aut.,2024,001544-0,Flex,1,F,setembro de 2025 ,cgqj9fhmjqssw,"segunda-feira, 1 de setembro de 2025 06:00",93581.0
325,1,,,2025,,"R$ 103.817,00",Fiat,PULSE DRIVE 1.3 8V Flex Aut.,2025,001544-0,Flex,1,F,setembro de 2025 ,f71r3l84m8dzm,"segunda-feira, 1 de setembro de 2025 06:00",103817.0
325,1,,,2023,,"R$ 66.620,00",Fiat,CRONOS DRIVE 1.0 6V Flex,2023,001553-9,Flex,1,F,setembro de 2025 ,4jfsr51lnhpn,"segunda-feira, 1 de setembro de 2025 06:00",66620.0
325,1,,,2024,,"R$ 76.145,00",Fiat,CRONOS DRIVE 1.0 6V Flex,2024,001553-9,Flex,1,F,setembro de 2025 ,733t8m358ssw,"segunda-feira, 1 de setembro de 2025 06:00",76145.0
325,1,,,2025,,"R$ 83.895,00",Fiat,CRONOS DRIVE 1.0 6V Flex,2025,001553-9,Flex,1,F,setembro de 2025 ,cb1zqvnx0lsw3,"segunda-feira, 1 de setembro de 2025 06:00",83895.0
325,1,,,2023,,"R$ 81.959,00",Fiat,CRONOS DRIVE 1.3 8V Flex Aut.,2023,001554-7,Flex,1,F,setembro de 2025 ,9981vvnvyspn,"segunda-feira, 1 de setembro de 2025 06:00",81959.0
325,1,,,2024,,"R$ 85.508,00",Fiat,CRONOS DRIVE 1.3 8V Flex Aut.,2024,001554-7,Flex,1,F,setembro de 2025 ,ccnw0fd3k86sw,"segunda-feira, 1 de setembro de 2025 06:00",85508.0
325,1,,,2025,,"R$ 99.147,00",Fiat,CRONOS DRIVE 1.3 8V Flex Aut.,2025,001554-7,Flex,1,F,setembro de 2025 ,cjttcnqrkz1w3,"segunda-feira, 1 de setembro de 2025 06:01",99147.0
325,1,,,2024,,"R$ 88.621,00",Fiat,CRONOS PRECISION 1.3 8V Flex Aut.,2024,001555-5,Flex,1,F,setembro de 2025 ,cdvdhbbrgtddwd,"segunda-feira, 1 de setembro de 2025 06:01",88621.0
325,1,,,2023,,"R$ 116.558,00",Fiat,Fastback Limited Ed.1.3 270 T.Flex Aut.,2023,001556-3,Flex,1,F,setembro de 2025 ,gqzv3g8n1cdr5,"segunda-feira, 1 de setembro de 2025 06:01",116558.0
325,1,,,2024,,"R$ 127.986,00",Fiat,Fastback Limited Ed.1.3 270 T.Flex Aut.,2024,001556-3,Flex,1,F,setembro de 2025 ,g5c7n1hnhpdwd,"segunda-feira, 1 de setembro de 2025 06:01",127986.0
325,1,,,2023,,"R$ 114.037,00",Fiat,Fastback Impetus 1.0 200 T. Flex Aut,2023,001557-1,Flex,1,F,setembro de 2025 ,gm07kc5zywdr5,"segunda-feira, 1 de setembro de 2025 06:46",114037.0
325,1,,,2024,,"R$ 123.372,00",Fiat,Fastback Impetus 1.0 200 T. Flex Aut,2024,001557-1,Flex,1,F,setembro de 2025 ,gzzjtm1b6ydwd,"segunda-feira, 1 de setembro de 2025 06:01",123372.0
325,1,,,2025,,"R$ 131.086,00",Fiat,Fastback Impetus 1.0 200 T. Flex Aut,2025,001557-1,Flex,1,F,setembro de 2025 ,g80xl8y83cdzm,"segunda-feira, 1 de setembro de 2025 06:01",131086.0
325,1,,,2023,,"R$ 107.946,00",Fiat,Fastback Audace 1.0 200 T. Flex Aut,2023,001558-0,Flex,1,F,setembro de 2025 ,gdwvg6svwtdr5,"segunda-feira, 1 de setembro de 2025 06:01",107946.0
325,1,,,2024,,"R$ 111.335,00",Fiat,Fastback Audace 1.0 200 T. Flex Aut,2024,001558-0,Flex,1,F,setembro de 2025 ,gjv0111wdzdwd,"segunda-feira, 1 de setembro de 2025 06:01",111335.0
325,1,,,2025,,"R$ 121.375,00",Fiat,Fastback Audace 1.0 200 T. Flex Aut,2025,001558-0,Flex,1,F,setembro de 2025 ,gxmypkngqxdzm,"segunda-feira, 1 de setembro de 2025 06:01",121375.0
325,1,,,2024,,"R$ 82.979,00",Fiat,Strada Endurance 1.3 Flex 8V CS Plus,2024,001569-5,Flex,1,F,setembro de 2025 ,cbp7srrmyvvdwd,"segunda-feira, 1 de setembro de 2025 06:01",82979.0
325,1,,,2025,,"R$ 93.165,00",Fiat,Strada Endurance 1.3 Flex 8V CS Plus,2025,001569-5,Flex,1,F,setembro de 2025 ,cgkn23rrkhrdzm,"segunda-feira, 1 de setembro de 2025 06:01",93165.0
325,1,,,2023,,"R$ 171.428,00",Toyota,Hilux CD 4x4 2.8 Diesel Mec.,2023,002015-0,Diesel,1,D,setembro de 2025 ,js966gcdnydrj,"segunda-feira, 1 de setembro de 2025 06:01",171428.0
325,1,,,2024,,"R$ 197.026,00",Toyota,Hilux CD 4x4 2.8 Diesel Mec.,2024,002015-0,Diesel,1,D,setembro de 2025 ,ksbmw2fv5tdvr,"segunda-feira, 1 de setembro de 2025 06:01",197026.0
325,1,,,2022,,"R$ 124.226,00",Toyota,Corolla XEi 2.0 Flex 16V Aut.,2022,002111-3,Flex,1,F,setembro de 2025 ,g0zk2c84wfdny,"segunda-feira, 1 de setembro de 2025 06:01",124226.0
325,1,,,2023,,"R$ 129.069,00",Toyota,Corolla XEi 2.0 Flex 16V Aut.,2023,002111-3,Flex,1,F,setembro de 2025 ,g6nlymsrg1dr5,"segunda-feira, 1 de setembro de 2025 06:01",129069.0
325,1,,,2024,,"R$ 144.420,00",Toyota,Corolla XEi 2.0 Flex 16V Aut.,2024,002111-3,Flex,1,F,setembro de 2025 ,hsnksb3c94dwd,"segunda-feira, 1 de setembro de 2025 06:01",144420.0
325,1,,,2020,,"R$ 196.496,00",Toyota,Hilux SW4 SRV 4x2 2.7 Flex 16V Aut.,2020,002160-1,Flex,1,F,setembro de 2025 ,krqcqhhn1rdgh,"segunda-feira, 1 de setembro de 2025 06:01",196496.0
325,1,,,2023,,"R$ 83.991,00",Toyota,YARIS XL Sedan 1.5 Flex 16V 4p Aut.,2023,002168-7,Flex,1,F,setembro de 2025 ,cb23mjv2qvdpn,"segunda-feira, 1 de setembro de 2025 06:01",83991.0
325,1,,,2024,,"R$ 89.749,00",Toyota,YARIS XL Sedan 1.5 Flex 16V 4p Aut.,2024,002168-7,Flex,1,F,setembro de 2025 ,cd8mg4lnxq3sw,"segunda-feira, 1 de setembro de 2025 06:01",89749.0
325,1,,,2025,,"R$ 95.155,00",Toyota,YARIS XL Sedan 1.5 Flex 16V 4p Aut.,2025,002168-7,Flex,1,F,setembro de 2025 ,cg90dkqkwy1w3,"segunda-feira, 1 de setembro de 2025 06:01",95155.0
325,1,,,2023,,"R$ 120.209,00",Toyota,Corolla GLi 2.0 16V Flex Aut.,2023,002181-4,Flex,1,F,setembro de 2025 ,gv8kwv7ch6dr5,"segunda-feira, 1 de setembro de 2025 06:01",120209.0
325,1,,,2024,,"R$ 128.772,00",Toyota,Corolla GLi 2.0 16V Flex Aut.,2024,002181-4,Flex,1,F,setembro de 2025 ,g59s9lw31tdwd,"segunda-feira, 1 de setembro de 2025 06:01",128772.0
325,1,,,2024,,"R$ 169.265,00",Toyota,Corolla Cross XRV 1.8 16V Aut. (Híbrido),2024,002200-4,Híbrido,1,H,setembro de 2025 ,jqsl03yvkfdwq,"segunda-feira, 1 de setembro de 2025 06:01",169265.0
325,1,,,2025,,"R$ 187.316,00",Toyota,Corolla Cross XRV 1.8 16V Aut. (Híbrido),2025,002200-4,Híbrido,1,H,setembro de 2025 ,kdyp29r7g2dzy,"segunda-feira, 1 de setembro de 2025 06:46",187316.0
325,1,,,2024,,"R$ 139.043,00",Toyota,Corolla Cross XR 2.0 16V Flex Aut.,2024,002201-2,Flex,1,F,setembro de 2025 ,hlb36s60qqdwd,"segunda-feira, 1 de setembro de 2025 06:01",139043.0
325,1,,,2024,,"R$ 153.259,00",Toyota,Corolla Cross XRE 2.0 16V Flex Aut.,2024,002203-9,Flex,1,F,setembro de 2025 ,h30t5mfz87dwd,"segunda-feira, 1 de setembro de 2025 06:01",153259.0
325,1,,,2025,,"R$ 171.282,00",Toyota,Corolla Cross XRE 2.0 16V Flex Aut.,2025,002203-9,Flex,1,F,setembro de 2025 ,js4xpsh6wfdzm,"segunda-feira, 1 de setembro de 2025 06:01",171282.0
325,1,,,2024,,"R$ 92.591,00",Toyota,YARIS XL 1.5 Flex 16V 5p Aut.,2024,002207-1,Flex,1,F,setembro de 2025 ,cgbygj3vf9hsw,"segunda-feira, 1 de setembro de 2025 06:01",92591.0
325,1,,,2025,,"R$ 102.513,00",Toyota,YARIS XL 1.5 Flex 16V 5p Aut.,2025,002207-1,Flex,1,F,setembro de 2025 ,f6jctmxjq2dzm,"segunda-feira, 1 de setembro de 2025 06:01",102513.0
325,1,,,2024,,"R$ 233.903,00",Toyota,Hilux CD 4x4 2.8  Diesel Aut.,2024,002218-7,Diesel,1,D,setembro de 2025 ,l5kz8rk0kgdvr,"segunda-feira, 1 de setembro de 2025 06:46",233903.0
325,1,,,2023,,"R$ 182.056,00",Ford,Ranger XLT 3.2 20V 4x4 CD Diesel Aut.,2023,003363-4,Diesel,1,D,setembro de 2025 ,j6sjcg2s0sdrj,"segunda-feira, 1 de setembro de 2025 06:01",182056.0
325,1,,,2023,,"R$ 159.242,00",Ford,Ranger XL 2.2 4x4 CD Diesel Mec.,2023,003426-6,Diesel,1,D,setembro de 2025 ,jb09kdxpgcdrj,"segunda-feira, 1 de setembro de 2025 06:01",159242.0
325,1,,,2023,,"R$ 158.346,00",Ford,Ranger XL 2.2 4x4 CS Diesel Mec.,2023,003433-9,Diesel,1,D,setembro de 2025 ,h9zqzm0tvqdrj,"segunda-feira, 1 de setembro de 2025 06:46",158346.0
325,1,,,2019,,"R$ 47.463,00",Ford,Ka 1.5 Sedan SE 12V Flex 4p Mec.,2019,003463-0,Flex,1,F,setembro de 2025 ,w8ts4qxxk590,"segunda-feira, 1 de setembro de 2025 06:46",47463.0
325,1,,,2021,,"R$ 61.155,00",Ford,Ka 1.5 Sedan SE Plus 12V Flex 4p Aut.,2021,003465-7,Flex,1,F,setembro de 2025 ,2gcfkm4t8vg6,"segunda-feira, 1 de setembro de 2025 06:01",61155.0
325,1,,,2022,,"R$ 174.190,00",Ford,Bronco Sport Wildtrak 2.0 Tb 16V AWD Aut,2022,003481-9,Gasolina,1,G,setembro de 2025 ,jxkl9k0s4sdmn,"segunda-feira, 1 de setembro de 2025 06:46",174190.0
325,1,,,2022,,"R$ 207.328,00",Ford,TRANSIT Minibus Vidrada 2.0 16V Diesel,2022,003482-7,Diesel,1,D,setembro de 2025 ,k5d2q3pqzfdm9,"segunda-feira, 1 de setembro de 2025 06:46",207328.0
325,1,,,2023,,"R$ 167.781,00",GM - Chevrolet,S10 Pick-Up LT 2.8 TDI 4x4 CD Diesel Aut,2023,004395-8,Diesel,1,D,setembro de 2025 ,jn1nxtwzr8drj,"segunda-feira, 1 de setembro de 2025 06:01",167781.0
325,1,,,2024,,"R$ 192.577,00",GM - Chevrolet,S10 Pick-Up LT 2.8 TDI 4x4 CD Diesel Aut,2024,004395-8,Diesel,1,D,setembro de 2025 ,kl3xy1d9r6dvr,"segunda-feira, 1 de setembro de 2025 06:01",192577.0
325,1,,,2022,,"R$ 177.391,00",GM - Chevrolet,S10 Pick-Up LTZ 2.8 TDI 4x4 CD Dies.Aut,2022,004397-4,Diesel,1,D,setembro de 2025 ,j09y1n442ydm9,"segunda-feira, 1 de setembro de 2025 06:46",177391.0
325,1,,,2024,,"R$ 211.996,00",GM - Chevrolet,S10 Pick-Up LTZ 2.8 TDI 4x4 CD Dies.Aut,2024,004397-4,Diesel,1,D,setembro de 2025 ,lbwrfpmdmldvr,"segunda-feira, 1 de setembro de 2025 06:01",211996.0
325,1,,,2022,,"R$ 135.882,00",GM - Chevrolet,S10 Pick-Up LS 2.8 TDI 4x4 CD Dies. Mec.,2022,004413-0,Diesel,1,D,setembro de 2025 ,hgm7jvt897dm9,"segunda-feira, 1 de setembro de 2025 06:46",135882.0
325,1,,,2023,,"R$ 145.585,00",GM - Chevrolet,S10 Pick-Up LS 2.8 TDI 4x4 CD Dies. Mec.,2023,004413-0,Diesel,1,D,setembro de 2025 ,ht0xf4nmv7drj,"segunda-feira, 1 de setembro de 2025 06:01",145585.0
325,1,,,2024,,"R$ 190.200,00",GM - Chevrolet,S10 Pick-Up LS 2.8 TDI 4x4 CD Dies. Mec.,2024,004413-0,Diesel,1,D,setembro de 2025 ,kjbjnsbxybdvr,"segunda-feira, 1 de setembro de 2025 06:01",190200.0
325,1,,,2025,,"R$ 122.718,00",GM - Chevrolet,SPIN LTZ 1.8 8V Econo.Flex 5p Aut.,2025,004417-2,Flex,1,F,setembro de 2025 ,gy6rxs8nctdzm,"segunda-feira, 1 de setembro de 2025 06:46",122718.0
325,1,,,2020,,"R$ 93.854,00",GM - Chevrolet,CRUZE LT 1.4 16V Turbo Flex 4p Aut.,2020,004470-9,Flex,1,F,setembro de 2025 ,cgtrjgr9p76cz,"segunda-feira, 1 de setembro de 2025 06:46",93854.0
325,1,,,2022,,"R$ 100.652,00",GM - Chevrolet,CRUZE LT 1.4 16V Turbo Flex 4p Aut.,2022,004470-9,Flex,1,F,setembro de 2025 ,f4bqxysppkdny,"segunda-feira, 1 de setembro de 2025 06:01",100652.0
325,1,,,2023,,"R$ 103.184,00",GM - Chevrolet,CRUZE LT 1.4 16V Turbo Flex 4p Aut.,2023,004470-9,Flex,1,F,setembro de 2025 ,f69rv8tdrddr5,"segunda-feira, 1 de setembro de 2025 06:02",103184.0
325,1,,,2023,,"R$ 90.222,00",GM - Chevrolet,SPIN PREMIER 1.8 8V Econo.Flex 5p Aut.,2023,004494-6,Flex,1,F,setembro de 2025 ,cff5dptqpl9pn,"segunda-feira, 1 de setembro de 2025 06:02",90222.0
325,1,,,2024,,"R$ 104.342,00",GM - Chevrolet,SPIN PREMIER 1.8 8V Econo.Flex 5p Aut.,2024,004494-6,Flex,1,F,setembro de 2025 ,f8nvnkpxhcdwd,"segunda-feira, 1 de setembro de 2025 06:02",104342.0
325,1,,,2025,,"R$ 130.963,00",GM - Chevrolet,SPIN PREMIER 1.8 8V Econo.Flex 5p Aut.,2025,004494-6,Flex,1,F,setembro de 2025 ,g8wf0zwb07dzm,"segunda-feira, 1 de setembro de 2025 06:02",130963.0
325,1,,,2024,,"R$ 81.785,00",GM - Chevrolet,ONIX SEDAN Plus LT 1.0 12V TB Flex Mec.,2024,004500-4,Flex,1,F,setembro de 2025 ,977s9ltcxbsw,"segunda-feira, 1 de setembro de 2025 06:02",81785.0
325,1,,,2020,,"R$ 69.493,00",GM - Chevrolet,ONIX SEDAN Plus LT 1.0 12V TB Flex Aut.,2020,004501-2,Flex,1,F,setembro de 2025 ,5l31grbjshcz,"segunda-feira, 1 de setembro de 2025 06:02",69493.0
325,1,,,2023,,"R$ 80.571,00",GM - Chevrolet,ONIX SEDAN Plus LT 1.0 12V TB Flex Aut.,2023,004501-2,Flex,1,F,setembro de 2025 ,9s0kg84t78pn,"segunda-feira, 1 de setembro de 2025 06:02",80571.0
325,1,,,2024,,"R$ 89.270,00",GM - Chevrolet,ONIX SEDAN Plus LT 1.0 12V TB Flex Aut.,2024,004501-2,Flex,1,F,setembro de 2025 ,cd20czmqnfbsw,"segunda-feira, 1 de setembro de 2025 06:02",89270.0
325,1,,,2025,,"R$ 102.081,00",GM - Chevrolet,ONIX SEDAN Plus LT 1.0 12V TB Flex Aut.,2025,004501-2,Flex,1,F,setembro de 2025 ,f50n13vp6ndzm,"segunda-feira, 1 de setembro de 2025 06:02",102081.0
325,1,,,2020,,"R$ 69.652,00",GM - Chevrolet,ONIX SEDAN Plus LTZ 1.0 12V TB Flex Aut.,2020,004502-0,Flex,1,F,setembro de 2025 ,5nzt0j19qncz,"segunda-feira, 1 de setembro de 2025 06:46",69652.0
325,1,,,2021,,"R$ 73.020,00",GM - Chevrolet,ONIX SEDAN Plus LTZ 1.0 12V TB Flex Aut.,2021,004502-0,Flex,1,F,setembro de 2025 ,6ygz4t1pdwg6,"segunda-feira, 1 de setembro de 2025 06:02",73020.0
325,1,,,2022,,"R$ 77.596,00",GM - Chevrolet,ONIX SEDAN Plus LTZ 1.0 12V TB Flex Aut.,2022,004502-0,Flex,1,F,setembro de 2025 ,8n37hnyg3ylf,"segunda-feira, 1 de setembro de 2025 06:02",77596.0
325,1,,,2023,,"R$ 80.625,00",GM - Chevrolet,ONIX SEDAN Plus LTZ 1.0 12V TB Flex Aut.,2023,004502-0,Flex,1,F,setembro de 2025 ,9tm5x5vnkhpn,"segunda-feira, 1 de setembro de 2025 06:02",80625.0
325,1,,,2024,,"R$ 89.564,00",GM - Chevrolet,ONIX SEDAN Plus LTZ 1.0 12V TB Flex Aut.,2024,004502-0,Flex,1,F,setembro de 2025 ,cd6f7m46sw8sw,"segunda-feira, 1 de setembro de 2025 06:02",89564.0
325,1,,,2025,,"R$ 102.150,00",GM - Chevrolet,ONIX SEDAN Plus LTZ 1.0 12V TB Flex Aut.,2025,004502-0,Flex,1,F,setembro de 2025 ,f525s7xgjqdzm,"segunda-feira, 1 de setembro de 2025 06:02",102150.0
325,1,,,2021,,"R$ 69.056,00",GM - Chevrolet,ONIX SEDAN Plus LTZ 1.0 12V TB Flex Mec.,2021,004503-9,Flex,1,F,setembro de 2025 ,5fz6j33dvsg6,"segunda-feira, 1 de setembro de 2025 06:02",69056.0
325,1,,,2022,,"R$ 72.352,00",GM - Chevrolet,ONIX SEDAN Plus LTZ 1.0 12V TB Flex Mec.,2022,004503-9,Flex,1,F,setembro de 2025 ,6pm6d64sldlf,"segunda-feira, 1 de setembro de 2025 06:02",72352.0
325,1,,,2023,,"R$ 76.973,00",GM - Chevrolet,ONIX SEDAN Plus LTZ 1.0 12V TB Flex Mec.,2023,004503-9,Flex,1,F,setembro de 2025 ,8ftss9mp4qpn,"segunda-feira, 1 de setembro de 2025 06:02",76973.0
325,1,,,2023,,"R$ 86.608,00",GM - Chevrolet,ONIX SED. Plus PREM. 1.0 12V TB Flex Aut,2023,004504-7,Flex,1,F,setembro de 2025 ,cc2stq4cbjgpn,"segunda-feira, 1 de setembro de 2025 06:02",86608.0
325,1,,,2024,,"R$ 98.809,00",GM - Chevrolet,ONIX SED. Plus PREM. 1.0 12V TB Flex Aut,2024,004504-7,Flex,1,F,setembro de 2025 ,cjpvh66j1ncsw,"segunda-feira, 1 de setembro de 2025 06:02",98809.0
325,1,,,2025,,"R$ 109.317,00",GM - Chevrolet,ONIX SED. Plus PREM. 1.0 12V TB Flex Aut,2025,004504-7,Flex,1,F,setembro de 2025 ,gghn8hgbpxdzm,"segunda-feira, 1 de setembro de 2025 06:02",109317.0
325,1,,,2023,,"R$ 117.508,00",GM - Chevrolet,CRUZE Premier 1.4 16V TB Flex Aut.,2023,004509-8,Flex,1,F,setembro de 2025 ,gr3djgxlhjdr5,"segunda-feira, 1 de setembro de 2025 06:02",117508.0
325,1,,,2025,,"R$ 87.398,00",GM - Chevrolet,ONIX HATCH 1.0 12V TB Flex 5p Aut.,2025,004511-0,Flex,1,F,setembro de 2025 ,cdc1y3ngt5xw3,"segunda-feira, 1 de setembro de 2025 06:02",87398.0
325,1,,,2022,,"R$ 72.116,00",GM - Chevrolet,ONIX HATCH LT 1.0 12V TB Flex 5p Mec.,2022,004512-8,Flex,1,F,setembro de 2025 ,6lwd8rxy0llf,"segunda-feira, 1 de setembro de 2025 06:02",72116.0
325,1,,,2024,,"R$ 81.668,00",GM - Chevrolet,ONIX HATCH LT 1.0 12V TB Flex 5p Mec.,2024,004512-8,Flex,1,F,setembro de 2025 ,96v8z5cfq7sw,"segunda-feira, 1 de setembro de 2025 06:02",81668.0
325,1,,,2025,,"R$ 88.033,00",GM - Chevrolet,ONIX HATCH LT 1.0 12V TB Flex 5p Mec.,2025,004512-8,Flex,1,F,setembro de 2025 ,cdmhr0j8wfvw3,"segunda-feira, 1 de setembro de 2025 06:02",88033.0
325,1,,,2024,,"R$ 87.216,00",GM - Chevrolet,ONIX HATCH LT 1.0 12V TB Flex 5p Aut.,2024,004514-4,Flex,1,F,setembro de 2025 ,cc9xtd2wn9tsw,"segunda-feira, 1 de setembro de 2025 06:02",87216.0
325,1,,,2025,,"R$ 99.016,00",GM - Chevrolet,ONIX HATCH LT 1.0 12V TB Flex 5p Aut.,2025,004514-4,Flex,1,F,setembro de 2025 ,cjr8rl39nv1w3,"segunda-feira, 1 de setembro de 2025 06:02",99016.0
325,1,,,2023,,"R$ 81.822,00",GM - Chevrolet,ONIX HATCH LTZ 1.0 12V TB Flex 5p Aut.,2023,004515-2,Flex,1,F,setembro de 2025 ,98n76hgybbpn,"segunda-feira, 1 de setembro de 2025 06:02",81822.0
325,1,,,2024,,"R$ 87.379,00",GM - Chevrolet,ONIX HATCH LTZ 1.0 12V TB Flex 5p Aut.,2024,004515-2,Flex,1,F,setembro de 2025 ,cdct1013t9msw,"segunda-feira, 1 de setembro de 2025 06:02",87379.0
325,1,,,2025,,"R$ 103.564,00",GM - Chevrolet,ONIX HATCH LTZ 1.0 12V TB Flex 5p Aut.,2025,004515-2,Flex,1,F,setembro de 2025 ,f7rk1gnv96dzm,"segunda-feira, 1 de setembro de 2025 06:02",103564.0
325,1,,,2023,,"R$ 86.582,00",GM - Chevrolet,ONIX HATCH PREM. 1.0 12V TB Flex 5p Aut.,2023,004516-0,Flex,1,F,setembro de 2025 ,cc2hcsg6pklpn,"segunda-feira, 1 de setembro de 2025 06:02",86582.0
325,1,,,2024,,"R$ 97.819,00",GM - Chevrolet,ONIX HATCH PREM. 1.0 12V TB Flex 5p Aut.,2024,004516-0,Flex,1,F,setembro de 2025 ,ch97pbtrpw0sw,"segunda-feira, 1 de setembro de 2025 06:02",97819.0
325,1,,,2025,,"R$ 106.098,00",GM - Chevrolet,ONIX HATCH PREM. 1.0 12V TB Flex 5p Aut.,2025,004516-0,Flex,1,F,setembro de 2025 ,gbqn7m9y1jdzm,"segunda-feira, 1 de setembro de 2025 06:02",106098.0
325,1,,,2021,,"R$ 61.671,00",GM - Chevrolet,ONIX HATCH LT 1.0 12V Flex 5p Mec.,2021,004517-9,Flex,1,F,setembro de 2025 ,2ndzmjqwjwg6,"segunda-feira, 1 de setembro de 2025 06:46",61671.0
325,1,,,2022,,"R$ 64.866,00",GM - Chevrolet,ONIX HATCH LT 1.0 12V Flex 5p Mec.,2022,004517-9,Flex,1,F,setembro de 2025 ,3vv8gw7pn6lf,"segunda-feira, 1 de setembro de 2025 06:02",64866.0
325,1,,,2023,,"R$ 68.430,00",GM - Chevrolet,ONIX HATCH LT 1.0 12V Flex 5p Mec.,2023,004517-9,Flex,1,F,setembro de 2025 ,46nn1wj3y1pn,"segunda-feira, 1 de setembro de 2025 06:02",68430.0
325,1,,,2024,,"R$ 70.191,00",GM - Chevrolet,ONIX HATCH LT 1.0 12V Flex 5p Mec.,2024,004517-9,Flex,1,F,setembro de 2025 ,5v9q6521k2sw,"segunda-feira, 1 de setembro de 2025 06:02",70191.0
325,1,,,2025,,"R$ 78.827,00",GM - Chevrolet,ONIX HATCH LT 1.0 12V Flex 5p Mec.,2025,004517-9,Flex,1,F,setembro de 2025 ,84knvzvg4zw3,"segunda-feira, 1 de setembro de 2025 06:02",78827.0
325,1,,,2022,,"R$ 65.807,00",GM - Chevrolet,ONIX SEDAN Plus LT 1.0 12V Flex 4p Mec.,2022,004518-7,Flex,1,F,setembro de 2025 ,36w87v0yf7lf,"segunda-feira, 1 de setembro de 2025 06:02",65807.0
325,1,,,2023,,"R$ 69.412,00",GM - Chevrolet,ONIX SEDAN Plus LT 1.0 12V Flex 4p Mec.,2023,004518-7,Flex,1,F,setembro de 2025 ,5k5lsxd3jppn,"segunda-feira, 1 de setembro de 2025 06:02",69412.0
325,1,,,2024,,"R$ 74.276,00",GM - Chevrolet,ONIX SEDAN Plus LT 1.0 12V Flex 4p Mec.,2024,004518-7,Flex,1,F,setembro de 2025 ,7d6h6h1w16sw,"segunda-feira, 1 de setembro de 2025 06:02",74276.0
325,1,,,2025,,"R$ 83.903,00",GM - Chevrolet,ONIX SEDAN Plus LT 1.0 12V Flex 4p Mec.,2025,004518-7,Flex,1,F,setembro de 2025 ,cb12mzzsxjyw3,"segunda-feira, 1 de setembro de 2025 06:02",83903.0
325,1,,,2023,,"R$ 68.817,00",GM - Chevrolet,ONIX HATCH 1.0 12V Flex 5p Mec.,2023,004519-5,Flex,1,F,setembro de 2025 ,5b6blsl9fjpn,"segunda-feira, 1 de setembro de 2025 06:02",68817.0
325,1,,,2024,,"R$ 70.813,00",GM - Chevrolet,ONIX HATCH 1.0 12V Flex 5p Mec.,2024,004519-5,Flex,1,F,setembro de 2025 ,53ltm799xgsw,"segunda-feira, 1 de setembro de 2025 06:02",70813.0
325,1,,,2025,,"R$ 76.968,00",GM - Chevrolet,ONIX HATCH 1.0 12V Flex 5p Mec.,2025,004519-5,Flex,1,F,setembro de 2025 ,8frzgt5t96w3,"segunda-feira, 1 de setembro de 2025 06:02",76968.0
325,1,,,2020,,"R$ 133.319,00",GM - Chevrolet,BOLT EV Premier 203cv (Elétrico),2020,004520-9,Elétrico,1,E,setembro de 2025 ,hcm2nqyqshdf5,"segunda-feira, 1 de setembro de 2025 06:46",133319.0
325,1,,,2023,,"R$ 99.550,00",GM - Chevrolet,TRACKER LT 1.0 Turbo 12V Flex Aut.,2023,004522-5,Flex,1,F,setembro de 2025 ,cjzjvg9q9sfpn,"segunda-feira, 1 de setembro de 2025 06:02",99550.0
325,1,,,2024,,"R$ 107.585,00",GM - Chevrolet,TRACKER LT 1.0 Turbo 12V Flex Aut.,2024,004522-5,Flex,1,F,setembro de 2025 ,gdgqqqc4xbdwd,"segunda-feira, 1 de setembro de 2025 06:03",107585.0
325,1,,,2025,,"R$ 117.644,00",GM - Chevrolet,TRACKER LT 1.0 Turbo 12V Flex Aut.,2025,004522-5,Flex,1,F,setembro de 2025 ,gr8brwd702dzm,"segunda-feira, 1 de setembro de 2025 06:03",117644.0
325,1,,,2021,,"R$ 104.157,00",GM - Chevrolet,TRACKER Premier 1.2 Turbo 12V Flex Aut.,2021,004525-0,Flex,1,F,setembro de 2025 ,f8f36mfx8hdkq,"segunda-feira, 1 de setembro de 2025 06:03",104157.0
325,1,,,2022,,"R$ 109.732,00",GM - Chevrolet,TRACKER Premier 1.2 Turbo 12V Flex Aut.,2022,004525-0,Flex,1,F,setembro de 2025 ,ggzrv6mrjxdny,"segunda-feira, 1 de setembro de 2025 06:03",109732.0
325,1,,,2023,,"R$ 114.402,00",GM - Chevrolet,TRACKER Premier 1.2 Turbo 12V Flex Aut.,2023,004525-0,Flex,1,F,setembro de 2025 ,gnghtnldg7dr5,"segunda-feira, 1 de setembro de 2025 06:03",114402.0
325,1,,,2024,,"R$ 127.412,00",GM - Chevrolet,TRACKER Premier 1.2 Turbo 12V Flex Aut.,2024,004525-0,Flex,1,F,setembro de 2025 ,g4qcxk1lz2dwd,"segunda-feira, 1 de setembro de 2025 06:03",127412.0
325,1,,,2025,,"R$ 142.429,00",GM - Chevrolet,TRACKER Premier 1.2 Turbo 12V Flex Aut.,2025,004525-0,Flex,1,F,setembro de 2025 ,hp96dv0j7sdzm,"segunda-feira, 1 de setembro de 2025 06:03",142429.0
325,1,,,2022,,"R$ 158.146,00",GM - Chevrolet,EQUINOX Premier 1.5 Turbo 172cv Aut.,2022,004529-2,Gasolina,1,G,setembro de 2025 ,h9rgmrn2zfdmn,"segunda-feira, 1 de setembro de 2025 06:03",158146.0
325,1,,,2023,,"R$ 168.713,00",GM - Chevrolet,EQUINOX Premier 1.5 Turbo 172cv Aut.,2023,004529-2,Gasolina,1,G,setembro de 2025 ,jp4j12d02cdqw,"segunda-feira, 1 de setembro de 2025 06:03",168713.0
325,1,,,2023,,"R$ 104.296,00",GM - Chevrolet,TRACKER LTZ 1.0 Turbo 12V Flex Aut.,2023,004532-2,Flex,1,F,setembro de 2025 ,f8l5ttc5dhdr5,"segunda-feira, 1 de setembro de 2025 06:03",104296.0
325,1,,,2024,,"R$ 116.821,00",GM - Chevrolet,TRACKER LTZ 1.0 Turbo 12V Flex Aut.,2024,004532-2,Flex,1,F,setembro de 2025 ,gq9ffytsm0dwd,"segunda-feira, 1 de setembro de 2025 06:03",116821.0
325,1,,,2025,,"R$ 128.992,00",GM - Chevrolet,TRACKER LTZ 1.0 Turbo 12V Flex Aut.,2025,004532-2,Flex,1,F,setembro de 2025 ,g6ks52n0rtdzm,"segunda-feira, 1 de setembro de 2025 06:03",128992.0
325,1,,,2023,,"R$ 110.216,00",GM - Chevrolet,TRACKER Premier 1.0 Turbo 12V Flex Aut.,2023,004533-0,Flex,1,F,setembro de 2025 ,ghkb61vr0tdr5,"segunda-feira, 1 de setembro de 2025 06:03",110216.0
325,1,,,2023,,"R$ 157.910,00",GM - Chevrolet,EQUINOX RS 1.5 Turbo  Aut.,2023,004538-1,Gasolina,1,G,setembro de 2025 ,h9gwqc2mq8dqw,"segunda-feira, 1 de setembro de 2025 06:03",157910.0
325,1,,,2024,,"R$ 109.765,00",GM - Chevrolet,MONTANA 1.2 Turbo Flex 12V 4p Mec.,2024,004539-0,Flex,1,F,setembro de 2025 ,gg0y1vky6fdwd,"segunda-feira, 1 de setembro de 2025 06:03",109765.0
325,1,,,2023,,"R$ 107.451,00",GM - Chevrolet,MONTANA LT 1.2  Turbo Flex 12V 4p Mec.,2023,004540-3,Flex,1,F,setembro de 2025 ,gc9vq4njhfdr5,"segunda-feira, 1 de setembro de 2025 06:03",107451.0
325,1,,,2024,,"R$ 112.541,00",GM - Chevrolet,MONTANA LT 1.2  Turbo Flex 12V 4p Mec.,2024,004540-3,Flex,1,F,setembro de 2025 ,gk8vxytrhjdwd,"segunda-feira, 1 de setembro de 2025 06:03",112541.0
325,1,,,2025,,"R$ 124.451,00",GM - Chevrolet,MONTANA LT 1.2  Turbo Flex 12V 4p Mec.,2025,004540-3,Flex,1,F,setembro de 2025 ,g07rlhmr1mdzm,"segunda-feira, 1 de setembro de 2025 06:03",124451.0
325,1,,,2023,,"R$ 114.038,00",GM - Chevrolet,MONTANA LTZ 1.2 Turbo Flex 12V 4p Aut.,2023,004541-1,Flex,1,F,setembro de 2025 ,gm08n9z8thdr5,"segunda-feira, 1 de setembro de 2025 06:03",114038.0
325,1,,,2024,,"R$ 116.938,00",GM - Chevrolet,MONTANA LTZ 1.2 Turbo Flex 12V 4p Aut.,2024,004541-1,Flex,1,F,setembro de 2025 ,grfn8nzy48dwd,"segunda-feira, 1 de setembro de 2025 06:03",116938.0
325,1,,,2025,,"R$ 128.947,00",GM - Chevrolet,MONTANA LTZ 1.2 Turbo Flex 12V 4p Aut.,2025,004541-1,Flex,1,F,setembro de 2025 ,g6h5g668mgdzm,"segunda-feira, 1 de setembro de 2025 06:03",128947.0
325,1,,,2024,,"R$ 120.159,00",GM - Chevrolet,MONTANA PREMIER 1.2 Turbo Flex 12V Aut.,2024,004542-0,Flex,1,F,setembro de 2025 ,gv6rkcryn1dwd,"segunda-feira, 1 de setembro de 2025 06:03",120159.0
325,1,,,2025,,"R$ 131.021,00",GM - Chevrolet,MONTANA PREMIER 1.2 Turbo Flex 12V Aut.,2025,004542-0,Flex,1,F,setembro de 2025 ,g8ykcv5c07dzm,"segunda-feira, 1 de setembro de 2025 06:03",131021.0
325,1,,,2023,,"R$ 94.334,00",VW - VolksWagen,Saveiro CROSS 1.6 T.Flex 16V CD,2023,005408-9,Flex,1,F,setembro de 2025 ,cg0czw04m4xpn,"segunda-feira, 1 de setembro de 2025 06:03",94334.0
325,1,,,2023,,"R$ 69.474,00",VW - VolksWagen,Saveiro Robust 1.6 Total Flex 8V,2023,005459-3,Flex,1,F,setembro de 2025 ,5lw4c3l5pjpn,"segunda-feira, 1 de setembro de 2025 06:03",69474.0
325,1,,,2023,,"R$ 72.982,00",VW - VolksWagen,Saveiro Robust 1.6 Total Flex 8V CD,2023,005472-0,Flex,1,F,setembro de 2025 ,6x05zmdc60pn,"segunda-feira, 1 de setembro de 2025 06:46",72982.0
325,1,,,2023,,"R$ 205.381,00",VW - VolksWagen,AMAROK Highline CD 3.0 4x4 TB Dies. Aut.,2023,005483-6,Diesel,1,D,setembro de 2025 ,k239yhr4ytdrj,"segunda-feira, 1 de setembro de 2025 06:03",205381.0
325,1,,,2024,,"R$ 237.450,00",VW - VolksWagen,AMAROK Highline CD 3.0 4x4 TB Dies. Aut.,2024,005483-6,Diesel,1,D,setembro de 2025 ,l9qxwgyyjkdvr,"segunda-feira, 1 de setembro de 2025 06:03",237450.0
325,1,,,2022,,"R$ 100.088,00",VW - VolksWagen,VIRTUS Highline 200 TSI 1.0 Flex 12V Aut,2022,005484-4,Flex,1,F,setembro de 2025 ,f3n7frnd4qdny,"segunda-feira, 1 de setembro de 2025 06:03",100088.0
325,1,,,2023,,"R$ 111.280,00",VW - VolksWagen,VIRTUS Highline 200 TSI 1.0 Flex 12V Aut,2023,005484-4,Flex,1,F,setembro de 2025 ,gjs02y4s57dr5,"segunda-feira, 1 de setembro de 2025 06:03",111280.0
325,1,,,2024,,"R$ 114.733,00",VW - VolksWagen,VIRTUS Highline 200 TSI 1.0 Flex 12V Aut,2024,005484-4,Flex,1,F,setembro de 2025 ,gnvjr9dm6fdwd,"segunda-feira, 1 de setembro de 2025 06:03",114733.0
325,1,,,2025,,"R$ 125.128,00",VW - VolksWagen,VIRTUS Highline 200 TSI 1.0 Flex 12V Aut,2025,005484-4,Flex,1,F,setembro de 2025 ,g11cdrdtcldzm,"segunda-feira, 1 de setembro de 2025 06:03",125128.0
325,1,,,2022,,"R$ 89.643,00",VW - VolksWagen,VIRTUS Comfort. 200 TSI 1.0 Flex 12V Aut,2022,005485-2,Flex,1,F,setembro de 2025 ,cd7cysc95nblf,"segunda-feira, 1 de setembro de 2025 06:03",89643.0
325,1,,,2024,,"R$ 105.922,00",VW - VolksWagen,VIRTUS Comfort. 200 TSI 1.0 Flex 12V Aut,2024,005485-2,Flex,1,F,setembro de 2025 ,gbh8x172fldwd,"segunda-feira, 1 de setembro de 2025 06:03",105922.0
325,1,,,2025,,"R$ 118.664,00",VW - VolksWagen,VIRTUS Comfort. 200 TSI 1.0 Flex 12V Aut,2025,005485-2,Flex,1,F,setembro de 2025 ,gtgd1wzr83dzm,"segunda-feira, 1 de setembro de 2025 06:03",118664.0
325,1,,,2021,,"R$ 183.118,00",VW - VolksWagen,TIGUAN Allspac R-Line 350 TSI 2.0 4x4,2021,005489-5,Gasolina,1,G,setembro de 2025 ,j703zj2333djf,"segunda-feira, 1 de setembro de 2025 06:03",183118.0
325,1,,,2021,,"R$ 47.486,00",VW - VolksWagen,Gol 1.0 Flex 12V 5p,2021,005490-9,Flex,1,F,setembro de 2025 ,w8249hm9pfg6,"segunda-feira, 1 de setembro de 2025 06:46",47486.0
325,1,,,2022,,"R$ 51.567,00",VW - VolksWagen,Gol 1.0 Flex 12V 5p,2022,005490-9,Flex,1,F,setembro de 2025 ,ytyg6m3q2nlf,"segunda-feira, 1 de setembro de 2025 06:03",51567.0
325,1,,,2023,,"R$ 55.602,00",VW - VolksWagen,Gol 1.0 Flex 12V 5p,2023,005490-9,Flex,1,F,setembro de 2025 ,0b72s7v6cgpn,"segunda-feira, 1 de setembro de 2025 06:03",55602.0
325,1,,,2022,,"R$ 57.290,00",VW - VolksWagen,Gol 1.6 MSI Flex 8V 5p,2022,005491-7,Flex,1,F,setembro de 2025 ,0z1mf2b9szlf,"segunda-feira, 1 de setembro de 2025 06:03",57290.0
325,1,,,2022,,"R$ 55.820,00",VW - VolksWagen,VOYAGE 1.0 Flex 12V 4p,2022,005492-5,Flex,1,F,setembro de 2025 ,0fs94dxyt4lf,"segunda-feira, 1 de setembro de 2025 06:03",55820.0
325,1,,,2023,,"R$ 60.008,00",VW - VolksWagen,VOYAGE 1.0 Flex 12V 4p,2023,005492-5,Flex,1,F,setembro de 2025 ,10xjn1n1dmpn,"segunda-feira, 1 de setembro de 2025 06:03",60008.0
325,1,,,2022,,"R$ 60.856,00",VW - VolksWagen,VOYAGE 1.6 MSI Flex 8V 4p,2022,005493-3,Flex,1,F,setembro de 2025 ,2bvrkmxhpnlf,"segunda-feira, 1 de setembro de 2025 06:03",60856.0
325,1,,,2021,,"R$ 75.999,00",VW - VolksWagen,VIRTUS 1.6 MSI Flex 16V 4p Aut.,2021,005500-0,Flex,1,F,setembro de 2025 ,72dr6l92f4g6,"segunda-feira, 1 de setembro de 2025 06:47",75999.0
325,1,,,2022,,"R$ 83.438,00",VW - VolksWagen,VIRTUS 1.6 MSI Flex 16V 4p Aut.,2022,005500-0,Flex,1,F,setembro de 2025 ,cbwmmk3jdwzlf,"segunda-feira, 1 de setembro de 2025 06:47",83438.0
325,1,,,2023,,"R$ 225.178,00",VW - VolksWagen,AMAROK Extreme CD 3.0 4x4 TB Dies. Aut.,2023,005506-9,Diesel,1,D,setembro de 2025 ,lvbwbg27cfdrj,"segunda-feira, 1 de setembro de 2025 06:04",225178.0
325,1,,,2020,,"R$ 106.660,00",VW - VolksWagen,T-Cross Hig. 250 TSI 1.4 Flex 16V 5p Aut,2020,005508-5,Flex,1,F,setembro de 2025 ,gcc3gy1dpgdgh,"segunda-feira, 1 de setembro de 2025 06:47",106660.0
325,1,,,2021,,"R$ 111.651,00",VW - VolksWagen,T-Cross Hig. 250 TSI 1.4 Flex 16V 5p Aut,2021,005508-5,Flex,1,F,setembro de 2025 ,gj7h3rsbsgdkq,"segunda-feira, 1 de setembro de 2025 06:04",111651.0
325,1,,,2022,,"R$ 119.609,00",VW - VolksWagen,T-Cross Hig. 250 TSI 1.4 Flex 16V 5p Aut,2022,005508-5,Flex,1,F,setembro de 2025 ,gvkrt5ybwtdny,"segunda-feira, 1 de setembro de 2025 06:04",119609.0
325,1,,,2023,,"R$ 126.528,00",VW - VolksWagen,T-Cross Hig. 250 TSI 1.4 Flex 16V 5p Aut,2023,005508-5,Flex,1,F,setembro de 2025 ,g3n7vx0fbxdr5,"segunda-feira, 1 de setembro de 2025 06:04",126528.0
325,1,,,2024,,"R$ 138.556,00",VW - VolksWagen,T-Cross Hig. 250 TSI 1.4 Flex 16V 5p Aut,2024,005508-5,Flex,1,F,setembro de 2025 ,hksfg4n7lxdwd,"segunda-feira, 1 de setembro de 2025 06:04",138556.0
325,1,,,2025,,"R$ 161.633,00",VW - VolksWagen,T-Cross Hig. 250 TSI 1.4 Flex 16V 5p Aut,2025,005508-5,Flex,1,F,setembro de 2025 ,jft6mnn01mdzm,"segunda-feira, 1 de setembro de 2025 06:04",161633.0
325,1,,,2021,,"R$ 99.519,00",VW - VolksWagen,T-Cross Comfor. 200 TSI 1.0 Flex 5p Aut.,2021,005509-3,Flex,1,F,setembro de 2025 ,cjy5k5w66tmdkq,"segunda-feira, 1 de setembro de 2025 06:04",99519.0
325,1,,,2022,,"R$ 105.166,00",VW - VolksWagen,T-Cross Comfor. 200 TSI 1.0 Flex 5p Aut.,2022,005509-3,Flex,1,F,setembro de 2025 ,f9ms3c9fj1dny,"segunda-feira, 1 de setembro de 2025 06:04",105166.0
325,1,,,2023,,"R$ 110.429,00",VW - VolksWagen,T-Cross Comfor. 200 TSI 1.0 Flex 5p Aut.,2023,005509-3,Flex,1,F,setembro de 2025 ,ghs26z0l6fdr5,"segunda-feira, 1 de setembro de 2025 06:04",110429.0
325,1,,,2024,,"R$ 120.294,00",VW - VolksWagen,T-Cross Comfor. 200 TSI 1.0 Flex 5p Aut.,2024,005509-3,Flex,1,F,setembro de 2025 ,gwcnnvfwd1dwd,"segunda-feira, 1 de setembro de 2025 06:04",120294.0
325,1,,,2025,,"R$ 144.586,00",VW - VolksWagen,T-Cross Comfor. 200 TSI 1.0 Flex 5p Aut.,2025,005509-3,Flex,1,F,setembro de 2025 ,hsvltmh3bvdzm,"segunda-feira, 1 de setembro de 2025 06:04",144586.0
325,1,,,2022,,"R$ 98.671,00",VW - VolksWagen,T-Cross 200 TSI 1.0  Flex 12V 5p Aut.,2022,005510-7,Flex,1,F,setembro de 2025 ,cjm7b89zsgmdny,"segunda-feira, 1 de setembro de 2025 06:04",98671.0
325,1,,,2023,,"R$ 101.170,00",VW - VolksWagen,T-Cross 200 TSI 1.0  Flex 12V 5p Aut.,2023,005510-7,Flex,1,F,setembro de 2025 ,f4yklcw838dr5,"segunda-feira, 1 de setembro de 2025 06:04",101170.0
325,1,,,2024,,"R$ 109.616,00",VW - VolksWagen,T-Cross 200 TSI 1.0  Flex 12V 5p Aut.,2024,005510-7,Flex,1,F,setembro de 2025 ,ggvj5cjfphdwd,"segunda-feira, 1 de setembro de 2025 06:04",109616.0
325,1,,,2025,,"R$ 130.582,00",VW - VolksWagen,T-Cross 200 TSI 1.0  Flex 12V 5p Aut.,2025,005510-7,Flex,1,F,setembro de 2025 ,g8flqvh8vndzm,"segunda-feira, 1 de setembro de 2025 06:04",130582.0
325,1,,,2021,,"R$ 108.065,00",VW - VolksWagen,Polo GTS 1.4 TSI 16V Flex,2021,005521-2,Flex,1,F,setembro de 2025 ,gd05kvbnbsdkq,"segunda-feira, 1 de setembro de 2025 06:47",108065.0
325,1,,,2022,,"R$ 100.401,00",VW - VolksWagen,Nivus Comfortline 1.0 200 TSI Flex Aut.,2022,005525-5,Flex,1,F,setembro de 2025 ,f31l3n1gsydny,"segunda-feira, 1 de setembro de 2025 06:04",100401.0
325,1,,,2023,,"R$ 102.928,00",VW - VolksWagen,Nivus Comfortline 1.0 200 TSI Flex Aut.,2023,005525-5,Flex,1,F,setembro de 2025 ,f60gfbz766dr5,"segunda-feira, 1 de setembro de 2025 06:04",102928.0
325,1,,,2024,,"R$ 108.244,00",VW - VolksWagen,Nivus Comfortline 1.0 200 TSI Flex Aut.,2024,005525-5,Flex,1,F,setembro de 2025 ,gd7n76r7cydwd,"segunda-feira, 1 de setembro de 2025 06:04",108244.0
325,1,,,2021,,"R$ 105.511,00",VW - VolksWagen,Nivus Highline 1.0 200 TSI Flex Aut.,2021,005526-3,Flex,1,F,setembro de 2025 ,f91bt2gdfldkq,"segunda-feira, 1 de setembro de 2025 06:04",105511.0
325,1,,,2022,,"R$ 111.468,00",VW - VolksWagen,Nivus Highline 1.0 200 TSI Flex Aut.,2022,005526-3,Flex,1,F,setembro de 2025 ,gj0vxpzr45dny,"segunda-feira, 1 de setembro de 2025 06:04",111468.0
325,1,,,2023,,"R$ 117.568,00",VW - VolksWagen,Nivus Highline 1.0 200 TSI Flex Aut.,2023,005526-3,Flex,1,F,setembro de 2025 ,gr5k37pkrkdr5,"segunda-feira, 1 de setembro de 2025 06:04",117568.0
325,1,,,2024,,"R$ 120.544,00",VW - VolksWagen,Nivus Highline 1.0 200 TSI Flex Aut.,2024,005526-3,Flex,1,F,setembro de 2025 ,gwnrb7d89kdwd,"segunda-feira, 1 de setembro de 2025 06:04",120544.0
325,1,,,2022,,"R$ 124.420,00",VW - VolksWagen,TAOS Comfortline 1.4 250 TSI Flex Aut.,2022,005527-1,Flex,1,F,setembro de 2025 ,g06mnqcjwfdny,"segunda-feira, 1 de setembro de 2025 06:04",124420.0
325,1,,,2023,,"R$ 140.072,00",VW - VolksWagen,TAOS Comfortline 1.4 250 TSI Flex Aut.,2023,005527-1,Flex,1,F,setembro de 2025 ,hmkjm56sbwdr5,"segunda-feira, 1 de setembro de 2025 06:04",140072.0
325,1,,,2024,,"R$ 150.854,00",VW - VolksWagen,TAOS Comfortline 1.4 250 TSI Flex Aut.,2024,005527-1,Flex,1,F,setembro de 2025 ,h06fbbmflsdwd,"segunda-feira, 1 de setembro de 2025 06:04",150854.0
325,1,,,2022,,"R$ 144.052,00",VW - VolksWagen,TAOS Highline 1.4 250 TSI Flex Aut.,2022,005528-0,Flex,1,F,setembro de 2025 ,hr654bly69dny,"segunda-feira, 1 de setembro de 2025 06:04",144052.0
325,1,,,2023,,"R$ 155.393,00",VW - VolksWagen,TAOS Highline 1.4 250 TSI Flex Aut.,2023,005528-0,Flex,1,F,setembro de 2025 ,h6jdn04whqdr5,"segunda-feira, 1 de setembro de 2025 06:04",155393.0
325,1,,,2024,,"R$ 175.224,00",VW - VolksWagen,TAOS Highline 1.4 250 TSI Flex Aut.,2024,005528-0,Flex,1,F,setembro de 2025 ,jyr6cl1182dwd,"segunda-feira, 1 de setembro de 2025 06:04",175224.0
325,1,,,2023,,"R$ 75.910,00",VW - VolksWagen,Saveiro Trendline 1.6 Total Flex 16V,2023,005531-0,Flex,1,F,setembro de 2025 ,71cfdgt5nppn,"segunda-feira, 1 de setembro de 2025 06:04",75910.0
325,1,,,2023,,"R$ 191.987,00",VW - VolksWagen,AMAROK Comfor. 3.0 V6 TDI 4x4 Dies. Aut.,2023,005532-8,Diesel,1,D,setembro de 2025 ,klfg5pjrpcdrj,"segunda-feira, 1 de setembro de 2025 06:04",191987.0
325,1,,,2023,,"R$ 71.581,00",VW - VolksWagen,Polo 1.0 MPI Flex 12V 5p,2023,005533-6,Flex,1,F,setembro de 2025 ,6dly30z5v6dr5,"segunda-feira, 1 de setembro de 2025 06:04",71581.0
325,1,,,2024,,"R$ 74.511,00",VW - VolksWagen,Polo 1.0 MPI Flex 12V 5p,2024,005533-6,Flex,1,F,setembro de 2025 ,7hyx2dmg7sdwd,"segunda-feira, 1 de setembro de 2025 06:04",74511.0
325,1,,,2025,,"R$ 81.214,00",VW - VolksWagen,Polo 1.0 MPI Flex 12V 5p,2025,005533-6,Flex,1,F,setembro de 2025 ,91j8h8g8xxdzm,"segunda-feira, 1 de setembro de 2025 06:04",81214.0
325,1,,,2024,,"R$ 79.876,00",VW - VolksWagen,Polo 1.0 TSI Flex 12V 5p,2024,005534-4,Flex,1,F,setembro de 2025 ,9jvyjgfqsbdwd,"segunda-feira, 1 de setembro de 2025 06:04",79876.0
325,1,,,2025,,"R$ 95.609,00",VW - VolksWagen,Polo 1.0 TSI Flex 12V 5p,2025,005534-4,Flex,1,F,setembro de 2025 ,chhbd02yrrxdzm,"segunda-feira, 1 de setembro de 2025 06:04",95609.0
325,1,,,2023,,"R$ 87.830,00",VW - VolksWagen,Polo Comfortline TSI 1.0 Flex 12V Aut.,2023,005535-2,Flex,1,F,setembro de 2025 ,cdj3zpjkcxgdr5,"segunda-feira, 1 de setembro de 2025 06:04",87830.0
325,1,,,2024,,"R$ 90.975,00",VW - VolksWagen,Polo Comfortline TSI 1.0 Flex 12V Aut.,2024,005535-2,Flex,1,F,setembro de 2025 ,cfqz245vtwqdwd,"segunda-feira, 1 de setembro de 2025 06:04",90975.0
325,1,,,2025,,"R$ 103.184,00",VW - VolksWagen,Polo Comfortline TSI 1.0 Flex 12V Aut.,2025,005535-2,Flex,1,F,setembro de 2025 ,f69rv7266ldzm,"segunda-feira, 1 de setembro de 2025 06:04",103184.0
325,1,,,2024,,"R$ 99.563,00",VW - VolksWagen,Polo Highline TSI 1.0 Flex 12V Aut.,2024,005536-0,Flex,1,F,setembro de 2025 ,cjzpkyvnlx3dwd,"segunda-feira, 1 de setembro de 2025 06:04",99563.0
325,1,,,2025,,"R$ 109.864,00",VW - VolksWagen,Polo Highline TSI 1.0 Flex 12V Aut.,2025,005536-0,Flex,1,F,setembro de 2025 ,gg4klvz42ndzm,"segunda-feira, 1 de setembro de 2025 06:04",109864.0
325,1,,,2024,,"R$ 83.292,00",VW - VolksWagen,Saveiro Robust 1.6 Total Flex 16V CD,2024,005537-9,Flex,1,F,setembro de 2025 ,cbtxkhwcwmzdwd,"segunda-feira, 1 de setembro de 2025 06:47",83292.0
325,1,,,2025,,"R$ 98.276,00",VW - VolksWagen,Saveiro Robust 1.6 Total Flex 16V CD,2025,005537-9,Flex,1,F,setembro de 2025 ,cjhlsl1ycfrdzm,"segunda-feira, 1 de setembro de 2025 06:04",98276.0
325,1,,,2023,,"R$ 69.217,00",VW - VolksWagen,Saveiro Robust 1.6 Total Flex 16V ,2023,005538-7,Flex,1,F,setembro de 2025 ,5hwql7mh1ldr5,"segunda-feira, 1 de setembro de 2025 06:04",69217.0
325,1,,,2024,,"R$ 80.956,00",VW - VolksWagen,Saveiro Robust 1.6 Total Flex 16V ,2024,005538-7,Flex,1,F,setembro de 2025 ,9yjhhbgtjzdwd,"segunda-feira, 1 de setembro de 2025 06:04",80956.0
325,1,,,2025,,"R$ 88.417,00",VW - VolksWagen,Saveiro Robust 1.6 Total Flex 16V ,2025,005538-7,Flex,1,F,setembro de 2025 ,cdr0bq9dsscdzm,"segunda-feira, 1 de setembro de 2025 06:04",88417.0
325,1,,,2023,,"R$ 69.145,00",VW - VolksWagen,Polo Track 1.0 Flex 12V 5p,2023,005540-9,Flex,1,F,setembro de 2025 ,5g1kb1pmqwdr5,"segunda-feira, 1 de setembro de 2025 06:04",69145.0
325,1,,,2024,,"R$ 71.490,00",VW - VolksWagen,Polo Track 1.0 Flex 12V 5p,2024,005540-9,Flex,1,F,setembro de 2025 ,6cjwr7p923dwd,"segunda-feira, 1 de setembro de 2025 06:04",71490.0
325,1,,,2025,,"R$ 78.551,00",VW - VolksWagen,Polo Track 1.0 Flex 12V 5p,2025,005540-9,Flex,1,F,setembro de 2025 ,81bb0g0d0zdzm,"segunda-feira, 1 de setembro de 2025 06:04",78551.0
325,1,,,2023,,"R$ 84.753,00",VW - VolksWagen,VIRTUS TSI 1.0 Flex 12V 4p Mec.,2023,005542-5,Flex,1,F,setembro de 2025 ,ccc1ldwqkgtdr5,"segunda-feira, 1 de setembro de 2025 06:04",84753.0
325,1,,,2024,,"R$ 92.855,00",VW - VolksWagen,VIRTUS TSI 1.0 Flex 12V 4p Mec.,2024,005542-5,Flex,1,F,setembro de 2025 ,cgf1d5h6lgldwd,"segunda-feira, 1 de setembro de 2025 06:04",92855.0
325,1,,,2025,,"R$ 98.063,00",VW - VolksWagen,VIRTUS TSI 1.0 Flex 12V 4p Mec.,2025,005542-5,Flex,1,F,setembro de 2025 ,cjd3cmcjtkldzm,"segunda-feira, 1 de setembro de 2025 06:04",98063.0
325,1,,,2023,,"R$ 90.623,00",VW - VolksWagen,VIRTUS TSI 1.0 Flex 12V 4p Aut.,2023,005543-3,Flex,1,F,setembro de 2025 ,cflv4zk6mrcdr5,"segunda-feira, 1 de setembro de 2025 06:05",90623.0
325,1,,,2024,,"R$ 96.371,00",VW - VolksWagen,VIRTUS TSI 1.0 Flex 12V 4p Aut.,2024,005543-3,Flex,1,F,setembro de 2025 ,chr8cxckb0gdwd,"segunda-feira, 1 de setembro de 2025 06:05",96371.0
325,1,,,2025,,"R$ 105.980,00",VW - VolksWagen,VIRTUS TSI 1.0 Flex 12V 4p Aut.,2025,005543-3,Flex,1,F,setembro de 2025 ,gblc8yls5fdzm,"segunda-feira, 1 de setembro de 2025 06:05",105980.0
325,1,,,2025,,"R$ 111.885,00",VW - VolksWagen,Saveiro Extreme 1.6 Flex 16V CD,2025,005546-8,Flex,1,F,setembro de 2025 ,gkh0r7wqhndzm,"segunda-feira, 1 de setembro de 2025 06:05",111885.0
325,1,,,2024,,"R$ 229.923,00",VW - VolksWagen,TIGUAN Allspac R-Line 300 TSI 2.0 ,2024,005547-6,Gasolina,1,G,setembro de 2025 ,l0xbsl5q8vdt3,"segunda-feira, 1 de setembro de 2025 06:05",229923.0
325,1,,,2019,,"R$ 187.204,00",Audi,A5 Sportb. Perf. 2.0 TFSI Quat. S-tronic,2019,008230-9,Gasolina,1,G,setembro de 2025 ,kdtmw6mr45c9z,"segunda-feira, 1 de setembro de 2025 06:47",187204.0
325,1,,,2023,,"R$ 291.537,00",Audi,Q5 Prestige 2.0 TFSI Quattro S tronic,2023,008238-4,Gasolina,1,G,setembro de 2025 ,pb4tqpt72zdqw,"segunda-feira, 1 de setembro de 2025 06:05",291537.0
325,1,,,2023,,"R$ 270.579,00",Audi,A5 Sportback S-Line 2.0 TFSI S-tronic,2023,008249-0,Gasolina,1,G,setembro de 2025 ,nkk15nch9ddqw,"segunda-feira, 1 de setembro de 2025 06:05",270579.0
325,1,,,2020,,"R$ 382.155,00",Audi,Q8 Perf.Black 3.0 TFSI Quat. S-tr/(Híb.),2020,008250-3,Híbrido,1,H,setembro de 2025 ,ssdh2z03jrdgt,"segunda-feira, 1 de setembro de 2025 06:05",382155.0
325,1,,,2023,,"R$ 524.049,00",Audi,Q8 Perf.Black 3.0 TFSI Quat. S-tr/(Híb.),2023,008250-3,Híbrido,1,H,setembro de 2025 ,y4rxzw5sycdsh,"segunda-feira, 1 de setembro de 2025 06:05",524049.0
325,1,,,2023,,"R$ 221.327,00",Audi,A3 Sed.Perf. Black 2.0 TFSI S-tr. (Hib.),2023,008256-2,Híbrido,1,H,setembro de 2025 ,lptw56pnjcdsh,"segunda-feira, 1 de setembro de 2025 06:05",221327.0
325,1,,,2024,,"R$ 246.873,00",Audi,A3 Sed.Perf. Black 2.0 TFSI S-tr. (Hib.),2024,008256-2,Híbrido,1,H,setembro de 2025 ,mnsd9hjh8ddwq,"segunda-feira, 1 de setembro de 2025 06:05",246873.0
325,1,,,2020,,"R$ 313.527,00",Audi,E-TRON Performa. Black Aut. (Elétrico),2020,008258-9,Elétrico,1,E,setembro de 2025 ,p5x22xsw9zdf5,"segunda-feira, 1 de setembro de 2025 06:47",313527.0
325,1,,,2022,,"R$ 370.100,00",Audi,E-TRON Sportback Perf. Aut. (Elétrico),2022,008259-7,Elétrico,1,E,setembro de 2025 ,r98b1p9f7sdnm,"segunda-feira, 1 de setembro de 2025 06:05",370100.0
325,1,,,2024,,"R$ 247.439,00",Audi,A3 Sportb. Perf. Black 2.0 S-tron.(Híb.),2024,008275-9,Híbrido,1,H,setembro de 2025 ,mpfz1k924bdwq,"segunda-feira, 1 de setembro de 2025 06:05",247439.0
325,1,,,2024,,"R$ 249.581,00",Audi,A3 Sportb. S-Line 2.0 TFSI S-Tron.(Híb.),2024,008278-3,Híbrido,1,H,setembro de 2025 ,mryvkfhr03dwq,"segunda-feira, 1 de setembro de 2025 06:05",249581.0
325,1,,,2022,,"R$ 197.110,00",Audi,A3 Sedan S-Line 2.0 TFSI  S-Tron.(Híb.),2022,008279-1,Híbrido,1,H,setembro de 2025 ,ksfpj5h9qvdn8,"segunda-feira, 1 de setembro de 2025 06:05",197110.0
325,1,,,2023,,"R$ 220.297,00",Audi,A3 Sedan S-Line 2.0 TFSI  S-Tron.(Híb.),2023,008279-1,Híbrido,1,H,setembro de 2025 ,lnmgmxwd2bdsh,"segunda-feira, 1 de setembro de 2025 06:05",220297.0
325,1,,,2024,,"R$ 227.778,00",Audi,A3 Sedan S-Line 2.0 TFSI  S-Tron.(Híb.),2024,008279-1,Híbrido,1,H,setembro de 2025 ,lydcw0h9qhdwq,"segunda-feira, 1 de setembro de 2025 06:05",227778.0
325,1,,,2023,,"R$ 258.848,00",Audi,Q3 Perf. Black 2.0 TFSI Tiptr. Quattro,2023,008280-5,Gasolina,1,G,setembro de 2025 ,m3tn6g2z9xdqw,"segunda-feira, 1 de setembro de 2025 06:05",258848.0
325,1,,,2023,,"R$ 240.776,00",Audi,Q3 Performance 2.0 TFSI Tiptr. Quattro,2023,008284-8,Gasolina,1,G,setembro de 2025 ,mfmtgr6zycdqw,"segunda-feira, 1 de setembro de 2025 06:05",240776.0
325,1,,,2024,,"R$ 290.467,00",Audi,Q3 Performance 2.0 TFSI Tiptr. Quattro,2024,008284-8,Gasolina,1,G,setembro de 2025 ,n9wx26pxvbdt3,"segunda-feira, 1 de setembro de 2025 06:05",290467.0
325,1,,,2023,,"R$ 331.192,00",Audi,Q5 SB P Black. 2.0 TFSIe S.Tr. Qt (Hib.),2023,008287-2,Híbrido,1,H,setembro de 2025 ,qvm4694wv4dsh,"segunda-feira, 1 de setembro de 2025 06:05",331192.0
325,1,,,2024,,"R$ 267.535,00",Audi,Q3 Prestige 2.0 TFSI Tiptr.Quatro ,2024,008289-9,Gasolina,1,G,setembro de 2025 ,nf0fbfj5rkdt3,"segunda-feira, 1 de setembro de 2025 06:05",267535.0
325,1,,,2024,6,"R$ 249.494,00",Audi,A4 Prestige 2.0 16V TFSI Quattro (Híb.),2024,008302-0,Híbrido,1,H,setembro de 2025 ,mrvpjjvyqgdwq,"segunda-feira, 1 de setembro de 2025 06:05",249494.0
325,1,,,2022,,"R$ 207.374,00",BMW,320iA 2.0 Turbo/ActiveFlex 16V/GP  4p,2022,009164-2,Gasolina,1,G,setembro de 2025 ,k5grkvn8qvdmn,"segunda-feira, 1 de setembro de 2025 06:05",207374.0
325,1,,,2023,,"R$ 248.137,00",BMW,320iA 2.0 Turbo/ActiveFlex 16V/GP  4p,2023,009164-2,Gasolina,1,G,setembro de 2025 ,mp8ch9y0ztdqw,"segunda-feira, 1 de setembro de 2025 06:05",248137.0
325,1,,,2022,,"R$ 220.267,00",BMW,320iA Modern/Sport TB 2.0/A.Flex/GP 4p,2022,009165-0,Gasolina,1,G,setembro de 2025 ,lnlct02wcjdmn,"segunda-feira, 1 de setembro de 2025 06:05",220267.0
325,1,,,2024,,"R$ 294.170,00",BMW,320iA Modern/Sport TB 2.0/A.Flex/GP 4p,2024,009165-0,Gasolina,1,G,setembro de 2025 ,pf7jgwm720dt3,"segunda-feira, 1 de setembro de 2025 06:05",294170.0
325,1,,,2021,,"R$ 164.376,00",BMW,X1 SDRIVE 20i 2.0/2.0 TB Acti.Flex Aut.,2021,009172-3,Gasolina,1,G,setembro de 2025 ,jj1w93n4pydjf,"segunda-feira, 1 de setembro de 2025 06:47",164376.0
325,1,,,2022,,"R$ 184.155,00",BMW,X1 SDRIVE 20i 2.0/2.0 TB Acti.Flex Aut.,2022,009172-3,Gasolina,1,G,setembro de 2025 ,j87tfcbqqgdmn,"segunda-feira, 1 de setembro de 2025 06:05",184155.0
325,1,,,2024,,"R$ 305.638,00",BMW,320iA 2.0 TB M Sport A.Flex/M.Sport 4p,2024,009213-4,Flex,1,F,setembro de 2025 ,pwpb3mhjt1dwd,"segunda-feira, 1 de setembro de 2025 06:05",305638.0
325,1,,,2021,,"R$ 326.287,00",BMW,X3 M40i 3.0 Turbo V6  Aut.,2021,009227-4,Gasolina,1,G,setembro de 2025 ,qnwwhg7b5cdjf,"segunda-feira, 1 de setembro de 2025 06:05",326287.0
325,1,,,2022,,"R$ 190.785,00",BMW,X1 SDRIVE 20i X-Line 2.0 TB Active Flex,2022,009239-8,Flex,1,F,setembro de 2025 ,kj0sthv8rsdny,"segunda-feira, 1 de setembro de 2025 06:05",190785.0
325,1,,,2022,,"R$ 162.382,00",BMW,i3 Bev Full 170cv Aut. (Elétrico),2022,009254-1,Elétrico,1,E,setembro de 2025 ,jgqfkt0htddnm,"segunda-feira, 1 de setembro de 2025 06:05",162382.0
325,1,,,2023,,"R$ 82.315,00",Citroën,C4 CACTUS FEEL Pack 1.6 16V Flex Aut.,2023,011197-0,Flex,1,F,setembro de 2025 ,cbggf3k6dyppn,"segunda-feira, 1 de setembro de 2025 06:47",82315.0
325,1,,,2024,,"R$ 101.310,00",Citroën,C4 CACTUS FEEL Pack 1.6 16V Flex Aut.,2024,011197-0,Flex,1,F,setembro de 2025 ,f43nbjf25bdwd,"segunda-feira, 1 de setembro de 2025 06:05",101310.0
325,1,,,2023,,"R$ 81.965,00",Citroën,C4 CACTUS FEEL 1.6 16V Flex Aut.,2023,011198-8,Flex,1,F,setembro de 2025 ,cbbb7gkrspgpn,"segunda-feira, 1 de setembro de 2025 06:05",81965.0
325,1,,,2024,,"R$ 65.943,00",Citroën,C3 Live 1.0 Flex 6V 5p Mec.,2024,011222-4,Flex,1,F,setembro de 2025 ,38hqml9mfcdwd,"segunda-feira, 1 de setembro de 2025 06:05",65943.0
325,1,,,2023,,"R$ 63.473,00",Citroën,C3 Live Pack 1.0 Flex 6V 5p Mec.,2023,011223-2,Flex,1,F,setembro de 2025 ,3bjyrmr076dr5,"segunda-feira, 1 de setembro de 2025 06:05",63473.0
325,1,,,2024,,"R$ 66.091,00",Citroën,C3 Live Pack 1.0 Flex 6V 5p Mec.,2024,011223-2,Flex,1,F,setembro de 2025 ,397h65n0hgdwd,"segunda-feira, 1 de setembro de 2025 06:05",66091.0
325,1,,,2025,,"R$ 72.034,00",Citroën,C3 Live Pack 1.0 Flex 6V 5p Mec.,2025,011223-2,Flex,1,F,setembro de 2025 ,6kxmbb6x20dzm,"segunda-feira, 1 de setembro de 2025 06:05",72034.0
325,1,,,2023,,"R$ 64.304,00",Citroën,C3 Feel 1.0 Flex 6V 5p Mec.,2023,011224-0,Flex,1,F,setembro de 2025 ,3m8z26w1dwdr5,"segunda-feira, 1 de setembro de 2025 06:05",64304.0
325,1,,,2024,,"R$ 71.438,00",Citroën,C3 Feel 1.0 Flex 6V 5p Mec.,2024,011224-0,Flex,1,F,setembro de 2025 ,6bxzvx7zkjdwd,"segunda-feira, 1 de setembro de 2025 06:05",71438.0
325,1,,,2023,,"R$ 76.898,00",Citroën,C3 Feel Pack 1.6 Flex 16V 5p Aut.,2023,011226-7,Flex,1,F,setembro de 2025 ,8dyjqyvp6mdr5,"segunda-feira, 1 de setembro de 2025 06:05",76898.0
325,1,,,2025,,"R$ 99.822,00",Citroën,C3 AIRCROSS Feel 1.0 Flex Turbo 200 Aut.,2025,011232-1,Flex,1,F,setembro de 2025 ,cj2qp72wwr8dzm,"segunda-feira, 1 de setembro de 2025 06:05",99822.0
325,1,,,2023,,"R$ 105.206,00",Honda,CITY Sedan EXL 1.5 Flex  16V 4p Aut.,2023,014063-5,Flex,1,F,setembro de 2025 ,f9n75k604rdr5,"segunda-feira, 1 de setembro de 2025 06:06",105206.0
325,1,,,2022,,"R$ 122.591,00",Hyundai,Tucson GLS 1.6 Turbo 16V Aut.,2022,015138-6,Gasolina,1,G,setembro de 2025 ,gy14tr8z74dmn,"segunda-feira, 1 de setembro de 2025 06:06",122591.0
325,1,,,2022,,"R$ 65.531,00",Hyundai,HB20 Evolution 1.0 Flex 12V Mec.,2022,015164-5,Flex,1,F,setembro de 2025 ,33nzdmnsr5lf,"segunda-feira, 1 de setembro de 2025 06:06",65531.0
325,1,,,2023,,"R$ 63.340,00",Hyundai,HB20 Sense 1.0 Flex 12V Mec.,2023,015165-3,Flex,1,F,setembro de 2025 ,28zl5rrn2kpn,"segunda-feira, 1 de setembro de 2025 06:06",63340.0
325,1,,,2024,,"R$ 68.678,00",Hyundai,HB20 Sense 1.0 Flex 12V Mec.,2024,015165-3,Flex,1,F,setembro de 2025 ,49ktdv61djsw,"segunda-feira, 1 de setembro de 2025 06:06",68678.0
325,1,,,2022,,"R$ 61.577,00",Hyundai,HB20 Vision 1.0 Flex 12V Mec.,2022,015168-8,Flex,1,F,setembro de 2025 ,2l9tgvy2zglf,"segunda-feira, 1 de setembro de 2025 06:06",61577.0
325,1,,,2023,,"R$ 97.946,00",Hyundai,Creta Action 1.6 16V Flex Aut.,2023,015190-4,Flex,1,F,setembro de 2025 ,cjcqt96rm60pn,"segunda-feira, 1 de setembro de 2025 06:06",97946.0
325,1,,,2024,,"R$ 101.590,00",Hyundai,Creta Action 1.6 16V Flex Aut.,2024,015190-4,Flex,1,F,setembro de 2025 ,f5fttrzzj8dwd,"segunda-feira, 1 de setembro de 2025 06:06",101590.0
325,1,,,2025,,"R$ 110.547,00",Hyundai,Creta Action 1.6 16V Flex Aut.,2025,015190-4,Flex,1,F,setembro de 2025 ,ghyc5prh77dzm,"segunda-feira, 1 de setembro de 2025 06:06",110547.0
325,1,,,2024,,"R$ 116.350,00",Hyundai,Creta Comfort 1.0 TB 12V Flex Aut.,2024,015200-5,Flex,1,F,setembro de 2025 ,gqq9q562xjdwd,"segunda-feira, 1 de setembro de 2025 06:06",116350.0
325,1,,,2025,,"R$ 127.220,00",Hyundai,Creta Comfort 1.0 TB 12V Flex Aut.,2025,015200-5,Flex,1,F,setembro de 2025 ,g4hdk33z2vdzm,"segunda-feira, 1 de setembro de 2025 06:06",127220.0
325,1,,,2024,,"R$ 148.415,00",Hyundai,Creta Ultimate 2.0 16V Flex Aut.,2024,015201-3,Flex,1,F,setembro de 2025 ,hybr5f44wwdwd,"segunda-feira, 1 de setembro de 2025 06:06",148415.0
325,1,,,2024,,"R$ 139.231,00",Hyundai,Creta Platinum 1.0 TB 12V Flex Aut.,2024,015202-1,Flex,1,F,setembro de 2025 ,hlky1jzn6jdwd,"segunda-feira, 1 de setembro de 2025 06:06",139231.0
325,1,,,2024,,"R$ 125.333,00",Hyundai,Creta Limited 1.0 TB 12V Flex Aut.,2024,015203-0,Flex,1,F,setembro de 2025 ,g18tc83fl4dwd,"segunda-feira, 1 de setembro de 2025 06:47",125333.0
325,1,,,2022,,"R$ 75.464,00",Hyundai,HB20 Platinum 1.0 TB Flex 12V Mec.,2022,015204-8,Flex,1,F,setembro de 2025 ,7v39156sx6lf,"segunda-feira, 1 de setembro de 2025 06:06",75464.0
325,1,,,2022,,"R$ 81.580,00",Hyundai,HB20S Platinum Plus 1.0 TB Flex 12V Aut.,2022,015205-6,Flex,1,F,setembro de 2025 ,95t9f87f8ylf,"segunda-feira, 1 de setembro de 2025 06:47",81580.0
325,1,,,2024,,"R$ 100.620,00",Hyundai,HB20S Platinum Plus 1.0 TB Flex 12V Aut.,2024,015205-6,Flex,1,F,setembro de 2025 ,f39kv60h2sdwd,"segunda-feira, 1 de setembro de 2025 06:06",100620.0
325,1,,,2022,,"R$ 81.168,00",Hyundai,HB20S Platinum 1.0 TB Flex 12V Aut.,2022,015206-4,Flex,1,F,setembro de 2025 ,900j603bqzlf,"segunda-feira, 1 de setembro de 2025 06:06",81168.0
325,1,,,2024,,"R$ 100.539,00",Hyundai,HB20S Platinum 1.0 TB Flex 12V Aut.,2024,015206-4,Flex,1,F,setembro de 2025 ,f36mlx6j1jdwd,"segunda-feira, 1 de setembro de 2025 06:06",100539.0
325,1,,,2024,,"R$ 96.287,00",Hyundai,HB20 Platinum Plus 1.0 TB Flex 12V Aut.,2024,015208-0,Flex,1,F,setembro de 2025 ,chq8vfyd3z0sw,"segunda-feira, 1 de setembro de 2025 06:06",96287.0
325,1,,,2022,,"R$ 80.641,00",Hyundai,HB20 Platinum 1.0 TB Flex 12V Aut.,2022,015209-9,Flex,1,F,setembro de 2025 ,9ttz6xpqtylf,"segunda-feira, 1 de setembro de 2025 06:47",80641.0
325,1,,,2023,,"R$ 90.157,00",Hyundai,HB20 Platinum 1.0 TB Flex 12V Aut.,2023,015209-9,Flex,1,F,setembro de 2025 ,cffdr9qnp2spn,"segunda-feira, 1 de setembro de 2025 06:47",90157.0
325,1,,,2024,,"R$ 95.712,00",Hyundai,HB20 Platinum 1.0 TB Flex 12V Aut.,2024,015209-9,Flex,1,F,setembro de 2025 ,chjjvlp1xjrsw,"segunda-feira, 1 de setembro de 2025 06:06",95712.0
325,1,,,2022,,"R$ 72.236,00",Hyundai,HB20 Vision 1.0 TB Flex 12V Aut.,2022,015210-2,Flex,1,F,setembro de 2025 ,6m81c3sx7zlf,"segunda-feira, 1 de setembro de 2025 06:47",72236.0
325,1,,,2024,,"R$ 143.107,00",Hyundai,Creta N Line 1.0 TB 12V Flex Aut.,2024,015212-9,Flex,1,F,setembro de 2025 ,hq3vb0xhnydwd,"segunda-feira, 1 de setembro de 2025 06:06",143107.0
325,1,,,2023,,"R$ 69.687,00",Hyundai,HB20 Limited 1.0 Flex 12V Mec.,2023,015213-7,Flex,1,F,setembro de 2025 ,5pdkcwk8vjpn,"segunda-feira, 1 de setembro de 2025 06:06",69687.0
325,1,,,2024,,"R$ 78.125,00",Hyundai,HB20 Limited 1.0 Flex 12V Mec.,2024,015213-7,Flex,1,F,setembro de 2025 ,8wbh1dry9hsw,"segunda-feira, 1 de setembro de 2025 06:06",78125.0
325,1,,,2023,,"R$ 82.056,00",Hyundai,HB20 Comfort 1.0 TB Flex 12V Aut,2023,015214-5,Flex,1,F,setembro de 2025 ,cbcd9tdl730pn,"segunda-feira, 1 de setembro de 2025 06:06",82056.0
325,1,,,2024,,"R$ 86.259,00",Hyundai,HB20 Comfort 1.0 TB Flex 12V Aut,2024,015214-5,Flex,1,F,setembro de 2025 ,ccypzcf61mxsw,"segunda-feira, 1 de setembro de 2025 06:06",86259.0
325,1,,,2023,,"R$ 65.613,00",Hyundai,HB20 Comfort 1.0 Flex 12V Mec.,2023,015215-3,Flex,1,F,setembro de 2025 ,34msbszn5npn,"segunda-feira, 1 de setembro de 2025 06:06",65613.0
325,1,,,2024,,"R$ 70.593,00",Hyundai,HB20 Comfort 1.0 Flex 12V Mec.,2024,015215-3,Flex,1,F,setembro de 2025 ,500vsj0q7wsw,"segunda-feira, 1 de setembro de 2025 06:06",70593.0
325,1,,,2024,,"R$ 88.233,00",Hyundai,HB20S Comfort 1.0 TB Flex 12V Aut.,2024,015217-0,Flex,1,F,setembro de 2025 ,cdpvgh4kg0sdwd,"segunda-feira, 1 de setembro de 2025 06:06",88233.0
325,1,,,2023,,"R$ 72.958,00",Hyundai,HB20S Comfort 1.0  Flex 12V Mec.,2023,015218-8,Flex,1,F,setembro de 2025 ,6xrgj9wghvdr5,"segunda-feira, 1 de setembro de 2025 06:06",72958.0
325,1,,,2024,,"R$ 79.823,00",Hyundai,HB20S Comfort 1.0  Flex 12V Mec.,2024,015218-8,Flex,1,F,setembro de 2025 ,9h7pbvvht3dwd,"segunda-feira, 1 de setembro de 2025 06:06",79823.0
325,1,,,2023,,"R$ 76.377,00",Hyundai,HB20S Edição Especial 1.0 Flex Mec.,2023,015226-9,Flex,1,F,setembro de 2025 ,76t5bl6qmxdr5,"segunda-feira, 1 de setembro de 2025 06:47",76377.0
325,1,,,2024,,"R$ 97.362,00",Hyundai,HB20 Plat. Safety 1.0 TB Flex 12V Aut.,2024,015233-1,Flex,1,F,setembro de 2025 ,ch4wk11k46ddwd,"segunda-feira, 1 de setembro de 2025 06:06",97362.0
325,1,,,2024,,"R$ 68.224,00",Hyundai,HB20 Sense Plus 1.0 Flex 12V Mec.,2024,015234-0,Flex,1,F,setembro de 2025 ,437sxzg52xdwd,"segunda-feira, 1 de setembro de 2025 06:06",68224.0
325,1,,,2025,,"R$ 74.699,00",Hyundai,HB20 Sense Plus 1.0 Flex 12V Mec.,2025,015234-0,Flex,1,F,setembro de 2025 ,7k48cq1tq8dzm,"segunda-feira, 1 de setembro de 2025 06:06",74699.0
325,1,,,2024,,"R$ 78.575,00",Hyundai,HB20 Limited Plus 1.0 Flex 12V Mec.,2024,015235-8,Flex,1,F,setembro de 2025 ,81l2fj2k16dwd,"segunda-feira, 1 de setembro de 2025 06:06",78575.0
325,1,,,2025,,"R$ 85.079,00",Hyundai,HB20 Limited Plus 1.0 Flex 12V Mec.,2025,015235-8,Flex,1,F,setembro de 2025 ,cchv2mt7sb7dzm,"segunda-feira, 1 de setembro de 2025 06:06",85079.0
325,1,,,2024,,"R$ 87.236,00",Hyundai,HB20 Comfort Plus 1.0 TB Flex 12V Aut.,2024,015236-6,Flex,1,F,setembro de 2025 ,cc942rpxc4qdwd,"segunda-feira, 1 de setembro de 2025 06:06",87236.0
325,1,,,2025,,"R$ 94.250,00",Hyundai,HB20 Comfort Plus 1.0 TB Flex 12V Aut.,2025,015236-6,Flex,1,F,setembro de 2025 ,cgzdgd3cnp0dzm,"segunda-feira, 1 de setembro de 2025 06:06",94250.0
325,1,,,2024,,"R$ 139.123,00",Hyundai,Creta Plat. Safety 1.0 TB 12V Flex Aut.,2024,015237-4,Flex,1,F,setembro de 2025 ,hlf1b393zjdwd,"segunda-feira, 1 de setembro de 2025 06:06",139123.0
325,1,,,2025,,"R$ 149.285,00",Hyundai,Creta Plat. Safety 1.0 TB 12V Flex Aut.,2025,015237-4,Flex,1,F,setembro de 2025 ,hzcdf007xfdzm,"segunda-feira, 1 de setembro de 2025 06:06",149285.0
325,1,,,2024,,"R$ 100.068,00",Hyundai,HB20S Plat. Safety 1.0 TB Flex 12V Aut.,2024,015238-2,Flex,1,F,setembro de 2025 ,f3nhw4mwdndwd,"segunda-feira, 1 de setembro de 2025 06:06",100068.0
325,1,,,2025,,"R$ 111.847,00",Hyundai,HB20S Plat. Safety 1.0 TB Flex 12V Aut.,2025,015238-2,Flex,1,F,setembro de 2025 ,gkgmyx0ps4dzm,"segunda-feira, 1 de setembro de 2025 06:06",111847.0
325,1,,,2024,,"R$ 78.880,00",Hyundai,HB20S Comfort Plus 1.0 Flex 12V Mec.,2024,015239-0,Flex,1,F,setembro de 2025 ,845x09w9ngdwd,"segunda-feira, 1 de setembro de 2025 06:06",78880.0
325,1,,,2025,,"R$ 81.593,00",Hyundai,HB20S Comfort Plus 1.0 Flex 12V Mec.,2025,015239-0,Flex,1,F,setembro de 2025 ,95z0xtlrw1dzm,"segunda-feira, 1 de setembro de 2025 06:06",81593.0
325,1,,,2024,,"R$ 87.638,00",Hyundai,HB20S Comfort Plus 1.0 TB Flex 12V Aut,2024,015240-4,Flex,1,F,setembro de 2025 ,cdgv590s3f8dwd,"segunda-feira, 1 de setembro de 2025 06:06",87638.0
325,1,,,2025,,"R$ 96.811,00",Hyundai,HB20S Comfort Plus 1.0 TB Flex 12V Aut,2025,015240-4,Flex,1,F,setembro de 2025 ,chyd9mv6hdsdzm,"segunda-feira, 1 de setembro de 2025 06:06",96811.0
325,1,,,2024,,"R$ 79.752,00",Hyundai,HB20S Limited Plus 1.0  Flex 12V Mec.,2024,015242-0,Flex,1,F,setembro de 2025 ,9hdwby32fkdwd,"segunda-feira, 1 de setembro de 2025 06:06",79752.0
325,1,,,2025,,"R$ 89.732,00",Hyundai,HB20S Limited Plus 1.0  Flex 12V Mec.,2025,015242-0,Flex,1,F,setembro de 2025 ,cd8d9lbn4t7dzm,"segunda-feira, 1 de setembro de 2025 06:06",89732.0
325,1,,,2024,,"R$ 125.804,00",Hyundai,Creta Limit. Safety 1.0 TB 12V Flex Aut.,2024,015243-9,Flex,1,F,setembro de 2025 ,g2tx20tvh1dwd,"segunda-feira, 1 de setembro de 2025 06:07",125804.0
325,1,,,2025,,"R$ 138.500,00",Hyundai,Creta Limit. Safety 1.0 TB 12V Flex Aut.,2025,015243-9,Flex,1,F,setembro de 2025 ,hkqdc251ytdzm,"segunda-feira, 1 de setembro de 2025 06:07",138500.0
325,1,,,2024,,"R$ 114.479,00",Hyundai,Creta Comfort Plus 1.0 TB 12V Flex Aut.,2024,015244-7,Flex,1,F,setembro de 2025 ,gnj9k58wvkdwd,"segunda-feira, 1 de setembro de 2025 06:07",114479.0
325,1,,,2025,,"R$ 127.039,00",Hyundai,Creta Comfort Plus 1.0 TB 12V Flex Aut.,2025,015244-7,Flex,1,F,setembro de 2025 ,g38tmv4zh4dzm,"segunda-feira, 1 de setembro de 2025 06:07",127039.0
325,1,,,2024,,"R$ 70.775,00",Hyundai,HB20 Comfort Plus 1.0 Flex 12V Mec.,2024,015245-5,Flex,1,F,setembro de 2025 ,5240gs1v4gdwd,"segunda-feira, 1 de setembro de 2025 06:07",70775.0
325,1,,,2025,,"R$ 77.818,00",Hyundai,HB20 Comfort Plus 1.0 Flex 12V Mec.,2025,015245-5,Flex,1,F,setembro de 2025 ,8rqxwq3qbfdzm,"segunda-feira, 1 de setembro de 2025 06:07",77818.0
325,1,,,2021,,"R$ 79.187,00",Jeep,Renegade Sport 1.8 4x2 Flex 16V Aut.,2021,017034-8,Flex,1,F,setembro de 2025 ,88sh5wmcglg6,"segunda-feira, 1 de setembro de 2025 06:07",79187.0
325,1,,,2021,,"R$ 85.280,00",Jeep,Renegade Longitude 1.8 4x2 Flex 16V Aut.,2021,017035-6,Flex,1,F,setembro de 2025 ,cck64d6r9gtg6,"segunda-feira, 1 de setembro de 2025 06:07",85280.0
325,1,,,2020,,"R$ 98.000,00",Jeep,Renegade Longitude 2.0 4x4 TB Diesel Aut,2020,017037-2,Diesel,1,D,setembro de 2025 ,cjdcgr1cq8pcb,"segunda-feira, 1 de setembro de 2025 06:47",98000.0
325,1,,,2021,,"R$ 103.993,00",Jeep,Renegade Longitude 2.0 4x4 TB Diesel Aut,2021,017037-2,Diesel,1,D,setembro de 2025 ,f775d50dhmdj2,"segunda-feira, 1 de setembro de 2025 06:07",103993.0
325,1,,,2021,,"R$ 119.202,00",Jeep,COMPASS LONGITUDE 2.0 4x4 Dies. 16V Aut.,2021,017045-3,Diesel,1,D,setembro de 2025 ,gt2y7x0qttdj2,"segunda-feira, 1 de setembro de 2025 06:07",119202.0
325,1,,,2021,,"R$ 104.166,00",Jeep,COMPASS LONGITUDE 2.0 4x2 Flex 16V Aut.,2021,017046-1,Flex,1,F,setembro de 2025 ,f8ggbzl8n2dkq,"segunda-feira, 1 de setembro de 2025 06:07",104166.0
325,1,,,2021,,"R$ 115.844,00",Jeep,COMPASS LIMITED 2.0 4x2 Flex 16V Aut.,2021,017047-0,Flex,1,F,setembro de 2025 ,gp4xlwyfl6dkq,"segunda-feira, 1 de setembro de 2025 06:07",115844.0
325,1,,,2021,,"R$ 126.286,00",Jeep,COMPASS LIMITED 2.0 4x4 Diesel 16V Aut.,2021,017051-8,Diesel,1,D,setembro de 2025 ,g3df504642dj2,"segunda-feira, 1 de setembro de 2025 06:07",126286.0
325,1,,,2022,,"R$ 135.995,00",Jeep,COMPASS LIMITED T270 1.3 TB 4x2 Flex Aut,2022,017070-4,Flex,1,F,setembro de 2025 ,hgsbvw0fdxdny,"segunda-feira, 1 de setembro de 2025 06:07",135995.0
325,1,,,2023,,"R$ 151.104,00",Jeep,COMPASS LIMITED T270 1.3 TB 4x2 Flex Aut,2023,017070-4,Flex,1,F,setembro de 2025 ,h1hh0pqcg3dr5,"segunda-feira, 1 de setembro de 2025 06:07",151104.0
325,1,,,2024,,"R$ 161.192,00",Jeep,COMPASS LIMITED T270 1.3 TB 4x2 Flex Aut,2024,017070-4,Flex,1,F,setembro de 2025 ,jd95qs9tntdwd,"segunda-feira, 1 de setembro de 2025 06:07",161192.0
325,1,,,2025,,"R$ 183.450,00",Jeep,COMPASS LIMITED T270 1.3 TB 4x2 Flex Aut,2025,017070-4,Flex,1,F,setembro de 2025 ,j8d513x97tdzm,"segunda-feira, 1 de setembro de 2025 06:07",183450.0
325,1,,,2022,,"R$ 128.736,00",Jeep,COMPASS LONG. T270 1.3 TB 4x2 Flex Aut.,2022,017071-2,Flex,1,F,setembro de 2025 ,g58hq4qj6sdny,"segunda-feira, 1 de setembro de 2025 06:07",128736.0
325,1,,,2023,,"R$ 134.429,00",Jeep,COMPASS LONG. T270 1.3 TB 4x2 Flex Aut.,2023,017071-2,Flex,1,F,setembro de 2025 ,hdyfcdr453dr5,"segunda-feira, 1 de setembro de 2025 06:07",134429.0
325,1,,,2024,,"R$ 145.643,00",Jeep,COMPASS LONG. T270 1.3 TB 4x2 Flex Aut.,2024,017071-2,Flex,1,F,setembro de 2025 ,ht20s14l6zdwd,"segunda-feira, 1 de setembro de 2025 06:07",145643.0
325,1,,,2025,,"R$ 163.428,00",Jeep,COMPASS LONG. T270 1.3 TB 4x2 Flex Aut.,2025,017071-2,Flex,1,F,setembro de 2025 ,jhyf40vvybdzm,"segunda-feira, 1 de setembro de 2025 06:07",163428.0
325,1,,,2023,,"R$ 161.901,00",Jeep,COMPASS S T270 1.3 TB 4x2 Flex Aut.,2023,017074-7,Flex,1,F,setembro de 2025 ,jf4ylr9s1ndr5,"segunda-feira, 1 de setembro de 2025 06:07",161901.0
325,1,,,2022,,"R$ 139.361,00",Jeep,COMPASS LONG. TD 350 2.0 4x4 Diesel Aut.,2022,017075-5,Diesel,1,D,setembro de 2025 ,hlqpjck6jwdm9,"segunda-feira, 1 de setembro de 2025 06:07",139361.0
325,1,,,2023,,"R$ 155.800,00",Jeep,COMPASS LONG. TD 350 2.0 4x4 Diesel Aut.,2023,017075-5,Diesel,1,D,setembro de 2025 ,h6z579stmjdrj,"segunda-feira, 1 de setembro de 2025 06:07",155800.0
325,1,,,2024,,"R$ 182.193,00",Jeep,COMPASS LONG. TD 350 2.0 4x4 Diesel Aut.,2024,017075-5,Diesel,1,D,setembro de 2025 ,j6yhqtq4kqdvr,"segunda-feira, 1 de setembro de 2025 06:47",182193.0
325,1,,,2022,,"R$ 148.762,00",Jeep,COMPASS LIMITED TD 350 2.0 4x4 Die. Aut.,2022,017077-1,Diesel,1,D,setembro de 2025 ,hyrc4y1rjkdm9,"segunda-feira, 1 de setembro de 2025 06:07",148762.0
325,1,,,2023,,"R$ 168.815,00",Jeep,COMPASS LIMITED TD 350 2.0 4x4 Die. Aut.,2023,017077-1,Diesel,1,D,setembro de 2025 ,jp77zv9ykhdrj,"segunda-feira, 1 de setembro de 2025 06:07",168815.0
325,1,,,2024,,"R$ 187.825,00",Jeep,COMPASS TRAILHAWK TD350 2.0 4x4 Die. Aut,2024,017078-0,Diesel,1,D,setembro de 2025 ,kfj6mc7hrpdvr,"segunda-feira, 1 de setembro de 2025 06:07",187825.0
325,1,,,2022,,"R$ 174.687,00",Jeep,Commander Limited TD380 2.0 4x4 Die.Aut.,2022,017080-1,Diesel,1,D,setembro de 2025 ,jx4n9hs4sfdm9,"segunda-feira, 1 de setembro de 2025 06:07",174687.0
325,1,,,2023,,"R$ 198.258,00",Jeep,Commander Limited TD380 2.0 4x4 Die.Aut.,2023,017080-1,Diesel,1,D,setembro de 2025 ,ktsd143503drj,"segunda-feira, 1 de setembro de 2025 06:07",198258.0
325,1,,,2024,,"R$ 206.170,00",Jeep,Commander Limited TD380 2.0 4x4 Die.Aut.,2024,017080-1,Diesel,1,D,setembro de 2025 ,k31zytxpqqdvr,"segunda-feira, 1 de setembro de 2025 06:07",206170.0
325,1,,,2022,,"R$ 159.074,00",Jeep,Commander Limited T270 1.3 TB Flex Aut.,2022,017081-0,Flex,1,F,setembro de 2025 ,jbt578m3jwdny,"segunda-feira, 1 de setembro de 2025 06:07",159074.0
325,1,,,2023,,"R$ 165.519,00",Jeep,Commander Limited T270 1.3 TB Flex Aut.,2023,017081-0,Flex,1,F,setembro de 2025 ,jldf6gmmqbdr5,"segunda-feira, 1 de setembro de 2025 06:07",165519.0
325,1,,,2024,,"R$ 181.529,00",Jeep,Commander Limited T270 1.3 TB Flex Aut.,2024,017081-0,Flex,1,F,setembro de 2025 ,j55ckn9z6kdwd,"segunda-feira, 1 de setembro de 2025 06:07",181529.0
325,1,,,2025,,"R$ 200.303,00",Jeep,Commander Limited T270 1.3 TB Flex Aut.,2025,017081-0,Flex,1,F,setembro de 2025 ,kw5q8vhx8cdzm,"segunda-feira, 1 de setembro de 2025 06:07",200303.0
325,1,,,2023,,"R$ 185.158,00",Jeep,Commander Overland T270 1.3 TB Flex Aut.,2023,017082-8,Flex,1,F,setembro de 2025 ,kbd8klkcb8dr5,"segunda-feira, 1 de setembro de 2025 06:07",185158.0
325,1,,,2024,,"R$ 203.721,00",Jeep,Commander Overland T270 1.3 TB Flex Aut.,2024,017082-8,Flex,1,F,setembro de 2025 ,k05zjm9945dwd,"segunda-feira, 1 de setembro de 2025 06:07",203721.0
325,1,,,2025,,"R$ 226.042,00",Jeep,Commander Overland T270 1.3 TB Flex Aut.,2025,017082-8,Flex,1,F,setembro de 2025 ,lwb8vh4ghpdzm,"segunda-feira, 1 de setembro de 2025 06:07",226042.0
325,1,,,2023,,"R$ 198.700,00",Jeep,Commander Overl. TD380 2.0 4x4 Die. Aut.,2023,017083-6,Diesel,1,D,setembro de 2025 ,kt9g2y6t5gdrj,"segunda-feira, 1 de setembro de 2025 06:07",198700.0
325,1,,,2025,,"R$ 245.027,00",Jeep,Commander Overl. TD380 2.0 4x4 Die. Aut.,2025,017083-6,Diesel,1,D,setembro de 2025 ,mll99srcp5dyz,"segunda-feira, 1 de setembro de 2025 06:07",245027.0
325,1,,,2023,,"R$ 104.457,00",Jeep,Renegade Sport T270 1.3 TB 4x2 Flex Aut.,2023,017085-2,Flex,1,F,setembro de 2025 ,f8s07f7pw5dr5,"segunda-feira, 1 de setembro de 2025 06:07",104457.0
325,1,,,2024,,"R$ 111.290,00",Jeep,Renegade Sport T270 1.3 TB 4x2 Flex Aut.,2024,017085-2,Flex,1,F,setembro de 2025 ,gjtdb8fwwwdwd,"segunda-feira, 1 de setembro de 2025 06:07",111290.0
325,1,,,2023,,"R$ 122.838,00",Jeep,Renegade S T270 1.3 TB 4x4 Flex Aut.,2023,017087-9,Flex,1,F,setembro de 2025 ,gzb34b41dxdr5,"segunda-feira, 1 de setembro de 2025 06:07",122838.0
325,1,,,2022,,"R$ 103.508,00",Jeep,Renegade Long. T270 1.3 TB 4x2 Flex Aut.,2022,017088-7,Flex,1,F,setembro de 2025 ,f7pjyd8ddxdny,"segunda-feira, 1 de setembro de 2025 06:07",103508.0
325,1,,,2023,,"R$ 107.129,00",Jeep,Renegade Long. T270 1.3 TB 4x2 Flex Aut.,2023,017088-7,Flex,1,F,setembro de 2025 ,gcx4xwz8ftdr5,"segunda-feira, 1 de setembro de 2025 06:07",107129.0
325,1,,,2024,,"R$ 114.106,00",Jeep,Renegade Long. T270 1.3 TB 4x2 Flex Aut.,2024,017088-7,Flex,1,F,setembro de 2025 ,gm3q9j510vdwd,"segunda-feira, 1 de setembro de 2025 06:07",114106.0
325,1,,,2025,,"R$ 133.348,00",Jeep,Renegade Long. T270 1.3 TB 4x2 Flex Aut.,2025,017088-7,Flex,1,F,setembro de 2025 ,hcn4bplfz6dzm,"segunda-feira, 1 de setembro de 2025 06:07",133348.0
325,1,,,2024,,"R$ 288.325,00",Mercedes-Benz,Sprinter 417 VAN L.T.A. 16L Diesel (E6),2024,021497-3,Diesel,1,D,setembro de 2025 ,n7c2lbkn1fdvr,"segunda-feira, 1 de setembro de 2025 06:47",288325.0
325,1,,,2023,,"R$ 159.328,00",Mitsubishi,L200 Triton Sport GLS 2.4 CD Diesel Aut.,2023,022164-3,Diesel,1,D,setembro de 2025 ,jb4fgbt699drj,"segunda-feira, 1 de setembro de 2025 06:07",159328.0
325,1,,,2023,,"R$ 212.563,00",Mitsubishi,L200 Triton Sport HPE-S 2.4 CD Dies. Aut,2023,022167-8,Diesel,1,D,setembro de 2025 ,lckb9phx2kdrj,"segunda-feira, 1 de setembro de 2025 06:47",212563.0
325,1,,,2023,,"R$ 140.045,00",Mitsubishi,Eclipse Cross HPE-S 1.5 16V 165cv Aut.,2023,022170-8,Gasolina,1,G,setembro de 2025 ,hmjj625by8dqw,"segunda-feira, 1 de setembro de 2025 06:08",140045.0
325,1,,,2022,,"R$ 131.515,00",Mitsubishi,OUTLANDER HPE 2.0 16V 5p Aut.,2022,022171-6,Gasolina,1,G,setembro de 2025 ,g9jhz09zgbdmn,"segunda-feira, 1 de setembro de 2025 06:08",131515.0
325,1,,,2023,,"R$ 138.403,00",Mitsubishi,L200 Tri. Outd. GLX 2.4 CD 4x4 Die. Mec.,2023,022189-9,Diesel,1,D,setembro de 2025 ,hklv2y75x9drj,"segunda-feira, 1 de setembro de 2025 06:08",138403.0
325,1,,,2021,,"R$ 146.058,00",Nissan,Frontier ATTAC.CD 4x4 2.3 Bi-TB Die. Aut,2021,023160-6,Diesel,1,D,setembro de 2025 ,hvk3dr57cldj2,"segunda-feira, 1 de setembro de 2025 06:47",146058.0
325,1,,,2024,,"R$ 172.960,00",Nissan,Frontier S CD 4x4 2.3 TB Diesel Mec.,2024,023161-4,Diesel,1,D,setembro de 2025 ,jv3xdcnvvpdvr,"segunda-feira, 1 de setembro de 2025 06:08",172960.0
325,1,,,2022,,"R$ 108.885,00",Nissan,LEAF Aut. (Elétrico),2022,023163-0,Elétrico,1,E,setembro de 2025 ,gfzzhzg9rcdnm,"segunda-feira, 1 de setembro de 2025 06:08",108885.0
325,1,,,2025,,"R$ 121.865,00",Nissan,VERSA Exclusive 1.6 16V Flex Aut.,2025,023174-6,Flex,1,F,setembro de 2025 ,gx6rs0mk6ndzm,"segunda-feira, 1 de setembro de 2025 06:08",121865.0
325,1,,,2022,,"R$ 91.936,00",Nissan,KICKS Sense 1.6 16V Flex Aut.,2022,023178-9,Flex,1,F,setembro de 2025 ,cf28c894g2glf,"segunda-feira, 1 de setembro de 2025 06:08",91936.0
325,1,,,2023,,"R$ 98.043,00",Nissan,KICKS Sense 1.6 16V Flex Aut.,2023,023178-9,Flex,1,F,setembro de 2025 ,cjdv28r1bvgpn,"segunda-feira, 1 de setembro de 2025 06:08",98043.0
325,1,,,2024,,"R$ 103.320,00",Nissan,KICKS Sense 1.6 16V Flex Aut.,2024,023178-9,Flex,1,F,setembro de 2025 ,f7gp3pg9drdwd,"segunda-feira, 1 de setembro de 2025 06:08",103320.0
325,1,,,2022,,"R$ 96.783,00",Nissan,KICKS Advance 1.6 16V Flex Aut.,2022,023180-0,Flex,1,F,setembro de 2025 ,chx234xns1qlf,"segunda-feira, 1 de setembro de 2025 06:08",96783.0
325,1,,,2024,,"R$ 112.829,00",Nissan,KICKS Advance 1.6 16V Flex Aut.,2024,023180-0,Flex,1,F,setembro de 2025 ,glmbfnpst5dwd,"segunda-feira, 1 de setembro de 2025 06:08",112829.0
325,1,,,2024,,"R$ 121.252,00",Nissan,KICKS Exclusive 1.6 16V Flex Aut.,2024,023181-9,Flex,1,F,setembro de 2025 ,gxhg28mpsrdwd,"segunda-feira, 1 de setembro de 2025 06:08",121252.0
325,1,,,2024,,"R$ 97.941,00",Nissan,KICKS Active 1.6 16V Flex Aut.,2024,023186-0,Flex,1,F,setembro de 2025 ,cjcn0zgcjx1dwd,"segunda-feira, 1 de setembro de 2025 06:08",97941.0
325,1,,,2023,,"R$ 119.869,00",Nissan,Sentra Advance 2.0 16V Aut.,2023,023187-8,Gasolina,1,G,setembro de 2025 ,gvv6st5frxdqw,"segunda-feira, 1 de setembro de 2025 06:08",119869.0
325,1,,,2024,,"R$ 130.315,00",Nissan,Sentra Advance 2.0 16V Aut.,2024,023187-8,Gasolina,1,G,setembro de 2025 ,g73wwpl0zddt3,"segunda-feira, 1 de setembro de 2025 06:08",130315.0
325,1,,,2025,,"R$ 141.562,00",Nissan,Sentra Advance 2.0 16V Aut.,2025,023187-8,Gasolina,1,G,setembro de 2025 ,hn9ph0sky9dyb,"segunda-feira, 1 de setembro de 2025 06:08",141562.0
325,1,,,2023,,"R$ 139.575,00",Nissan,Sentra Exclu. Int. Premium 2.0 16V Aut.,2023,023189-4,Gasolina,1,G,setembro de 2025 ,hlzgm7jjr2dqw,"segunda-feira, 1 de setembro de 2025 06:08",139575.0
325,1,,,2022,,"R$ 150.843,00",Peugeot,3008 Griffe 1.6 Turbo 16V 5p Aut.,2022,024176-8,Gasolina,1,G,setembro de 2025 ,h050x27mv2dmn,"segunda-feira, 1 de setembro de 2025 06:08",150843.0
325,1,,,2023,,"R$ 159.199,00",Peugeot,3008 Griffe 1.6 Turbo 16V 5p Aut.,2023,024176-8,Gasolina,1,G,setembro de 2025 ,jbzq3fq41vdqw,"segunda-feira, 1 de setembro de 2025 06:08",159199.0
325,1,,,2022,,"R$ 71.339,00",Peugeot,208 Allure 1.6 Flex 16V 5p Aut.,2022,024215-2,Flex,1,F,setembro de 2025 ,59r0c0q5j5lf,"segunda-feira, 1 de setembro de 2025 06:08",71339.0
325,1,,,2023,,"R$ 77.109,00",Peugeot,208 Allure 1.6 Flex 16V 5p Aut.,2023,024215-2,Flex,1,F,setembro de 2025 ,8hd658tjltpn,"segunda-feira, 1 de setembro de 2025 06:08",77109.0
325,1,,,2021,,"R$ 177.449,00",Peugeot,Boxer Business Furgão 2.0 Turbo Diesel,2021,024244-6,Diesel,1,D,setembro de 2025 ,j1c2dlkpzzdj2,"segunda-feira, 1 de setembro de 2025 06:08",177449.0
325,1,,,2022,,"R$ 67.629,00",Peugeot,2008 Allure Pack 1.6 Flex 16V Aut.,2022,024245-4,Flex,1,F,setembro de 2025 ,4w8jq3v4zllf,"segunda-feira, 1 de setembro de 2025 06:08",67629.0
325,1,,,2022,,"R$ 69.696,00",Peugeot,208 Active 1.6 Flex 16V 5p Aut.,2022,024249-7,Flex,1,F,setembro de 2025 ,5phtshx3f0lf,"segunda-feira, 1 de setembro de 2025 06:08",69696.0
325,1,,,2023,,"R$ 72.908,00",Peugeot,208 Active 1.6 Flex 16V 5p Aut.,2023,024249-7,Flex,1,F,setembro de 2025 ,6w485wj912pn,"segunda-feira, 1 de setembro de 2025 06:08",72908.0
325,1,,,2024,,"R$ 83.559,00",Peugeot,208 Active 1.6 Flex 16V 5p Aut.,2024,024249-7,Flex,1,F,setembro de 2025 ,cbx1lyrcv3zsw,"segunda-feira, 1 de setembro de 2025 06:08",83559.0
325,1,,,2023,,"R$ 174.701,00",Peugeot,3008 GT Pack 1.6 Turbo 16V 5p Aut.,2023,024253-5,Gasolina,1,G,setembro de 2025 ,jx452h5hnvdqw,"segunda-feira, 1 de setembro de 2025 06:47",174701.0
325,1,,,2024,,"R$ 152.371,00",Peugeot,Expert Cargo 1.5 Turbo Diesel,2024,024260-8,Diesel,1,D,setembro de 2025 ,h2zkl82fgxdvr,"segunda-feira, 1 de setembro de 2025 06:08",152371.0
325,1,,,2023,,"R$ 79.723,00",Peugeot,Partner Rapid Busin. Pack 1.4 Flex Mec.,2023,024263-2,Flex,1,F,setembro de 2025 ,9g2blqz8ywpn,"segunda-feira, 1 de setembro de 2025 06:08",79723.0
325,1,,,2024,,"R$ 87.157,00",Peugeot,Partner Rapid Busin. Pack 1.4 Flex Mec.,2024,024263-2,Flex,1,F,setembro de 2025 ,cc87cmrlc2xsw,"segunda-feira, 1 de setembro de 2025 06:08",87157.0
325,1,,,2023,,"R$ 59.556,00",Peugeot,208 Like 1.0 Flex 6V 5p Mec.,2023,024264-0,Flex,1,F,setembro de 2025 ,1vl7q17ccspn,"segunda-feira, 1 de setembro de 2025 06:08",59556.0
325,1,,,2024,,"R$ 67.286,00",Peugeot,208 Like 1.0 Flex 6V 5p Mec.,2024,024264-0,Flex,1,F,setembro de 2025 ,4r7vy6j7fksw,"segunda-feira, 1 de setembro de 2025 06:08",67286.0
325,1,,,2021,,"R$ 154.423,00",Renault,Master 2.3 dCi Furgão 16V Diesel,2021,025196-8,Diesel,1,D,setembro de 2025 ,h5c4qgr6kzdj2,"segunda-feira, 1 de setembro de 2025 06:08",154423.0
325,1,,,2023,,"R$ 182.412,00",Renault,Master 2.3 dCi Furgão 16V Diesel,2023,025196-8,Diesel,1,D,setembro de 2025 ,j66ghcbbqxdrj,"segunda-feira, 1 de setembro de 2025 06:08",182412.0
325,1,,,2023,,"R$ 199.743,00",Renault,Master 2.3 dCi Grand Furgão16V Diesel,2023,025197-6,Diesel,1,D,setembro de 2025 ,kwjc9b6qxddrj,"segunda-feira, 1 de setembro de 2025 06:08",199743.0
325,1,,,2023,,"R$ 255.953,00",Renault,Master 2.3 dCi Executive Longo 16L Dies,2023,025205-0,Diesel,1,D,setembro de 2025 ,m0ff7rsz9ydrj,"segunda-feira, 1 de setembro de 2025 06:08",255953.0
325,1,,,2024,,"R$ 263.976,00",Renault,Master 2.3 dCi Executive Longo 16L Dies,2024,025205-0,Diesel,1,D,setembro de 2025 ,m9t16lr0mvdvr,"segunda-feira, 1 de setembro de 2025 06:08",263976.0
325,1,,,2022,,"R$ 46.138,00",Renault,KWID Zen 1.0 Flex 12V 5p Mec.,2022,025266-2,Flex,1,F,setembro de 2025 ,wr86mq06mllf,"segunda-feira, 1 de setembro de 2025 06:08",46138.0
325,1,,,2023,,"R$ 50.196,00",Renault,KWID Zen 1.0 Flex 12V 5p Mec.,2023,025266-2,Flex,1,F,setembro de 2025 ,x9v5c3m4y3pn,"segunda-feira, 1 de setembro de 2025 06:08",50196.0
325,1,,,2024,,"R$ 52.859,00",Renault,KWID Zen 1.0 Flex 12V 5p Mec.,2024,025266-2,Flex,1,F,setembro de 2025 ,y922ww371msw,"segunda-feira, 1 de setembro de 2025 06:08",52859.0
325,1,,,2025,,"R$ 56.702,00",Renault,KWID Zen 1.0 Flex 12V 5p Mec.,2025,025266-2,Flex,1,F,setembro de 2025 ,0r4w3z11sgw3,"segunda-feira, 1 de setembro de 2025 06:08",56702.0
325,1,,,2023,,"R$ 53.624,00",Renault,KWID Intense 1.0 Flex 12V 5p Mec.,2023,025267-0,Flex,1,F,setembro de 2025 ,zl14k119chpn,"segunda-feira, 1 de setembro de 2025 06:09",53624.0
325,1,,,2024,,"R$ 57.791,00",Renault,KWID Intense 1.0 Flex 12V 5p Mec.,2024,025267-0,Flex,1,F,setembro de 2025 ,05xqhh6ldlsw,"segunda-feira, 1 de setembro de 2025 06:09",57791.0
325,1,,,2025,,"R$ 63.100,00",Renault,KWID Intense 1.0 Flex 12V 5p Mec.,2025,025267-0,Flex,1,F,setembro de 2025 ,255cy22c2ww3,"segunda-feira, 1 de setembro de 2025 06:09",63100.0
325,1,,,2021,,"R$ 59.041,00",Renault,SANDERO Zen Flex 1.6 16V 5p Mec.,2021,025285-9,Flex,1,F,setembro de 2025 ,1nk1yf5mzgg6,"segunda-feira, 1 de setembro de 2025 06:09",59041.0
325,1,,,2023,,"R$ 56.019,00",Renault,LOGAN Life Flex 1.0 12V 4p Mec.,2023,025289-1,Flex,1,F,setembro de 2025 ,0h4ncz331zpn,"segunda-feira, 1 de setembro de 2025 06:47",56019.0
325,1,,,2024,,"R$ 64.540,00",Renault,LOGAN Life Flex 1.0 12V 4p Mec.,2024,025289-1,Flex,1,F,setembro de 2025 ,3q1r7yl4cbsw,"segunda-feira, 1 de setembro de 2025 06:47",64540.0
325,1,,,2022,,"R$ 57.074,00",Renault,LOGAN Zen Flex 1.0 12V 4p Mec.,2022,025290-5,Flex,1,F,setembro de 2025 ,0xh3nh1yvdlf,"segunda-feira, 1 de setembro de 2025 06:47",57074.0
325,1,,,2023,,"R$ 58.598,00",Renault,LOGAN Zen Flex 1.0 12V 4p Mec.,2023,025290-5,Flex,1,F,setembro de 2025 ,1hc1d15216pn,"segunda-feira, 1 de setembro de 2025 06:09",58598.0
325,1,,,2024,,"R$ 65.682,00",Renault,LOGAN Zen Flex 1.0 12V 4p Mec.,2024,025290-5,Flex,1,F,setembro de 2025 ,35fvs2bn1ssw,"segunda-feira, 1 de setembro de 2025 06:09",65682.0
325,1,,,2025,,"R$ 82.033,00",Renault,LOGAN Zen Flex 1.0 12V 4p Mec.,2025,025290-5,Flex,1,F,setembro de 2025 ,cbb4ynlj8q1w3,"segunda-feira, 1 de setembro de 2025 06:09",82033.0
325,1,,,2022,,"R$ 59.464,00",Renault,LOGAN Zen Flex 1.6 16V 4p Mec.,2022,025291-3,Flex,1,F,setembro de 2025 ,1tjs3ynt4dlf,"segunda-feira, 1 de setembro de 2025 06:09",59464.0
325,1,,,2023,,"R$ 98.308,00",Renault,DUSTER Iconic 1.6 16V Flex Aut.,2023,025300-6,Flex,1,F,setembro de 2025 ,cjhzd5rmldzpn,"segunda-feira, 1 de setembro de 2025 06:09",98308.0
325,1,,,2024,,"R$ 104.531,00",Renault,DUSTER Iconic 1.6 16V Flex Aut.,2024,025300-6,Flex,1,F,setembro de 2025 ,f8wql6818gdwd,"segunda-feira, 1 de setembro de 2025 06:09",104531.0
325,1,,,2023,,"R$ 92.930,00",Renault,DUSTER Intense 1.6 16V Flex Aut.,2023,025301-4,Flex,1,F,setembro de 2025 ,cggxn7v6cltpn,"segunda-feira, 1 de setembro de 2025 06:09",92930.0
325,1,,,2024,,"R$ 97.958,00",Renault,DUSTER Intense 1.6 16V Flex Aut.,2024,025301-4,Flex,1,F,setembro de 2025 ,cjcv6jq529ssw,"segunda-feira, 1 de setembro de 2025 06:09",97958.0
325,1,,,2023,,"R$ 78.696,00",Renault,DUSTER Zen 1.6 16V Flex Mec.,2023,025303-0,Flex,1,F,setembro de 2025 ,8201tfqcbjpn,"segunda-feira, 1 de setembro de 2025 06:09",78696.0
325,1,,,2023,,"R$ 60.260,00",Renault,SANDERO S Edition Flex 1.0 12V 5p Mec.,2023,025309-0,Flex,1,F,setembro de 2025 ,13v328dk6lpn,"segunda-feira, 1 de setembro de 2025 06:09",60260.0
325,1,,,2023,,"R$ 90.024,00",Renault,OROCH Intense 1.6 Flex 16V Mec.,2023,025312-0,Flex,1,F,setembro de 2025 ,cfcvfqlfg9cpn,"segunda-feira, 1 de setembro de 2025 06:09",90024.0
325,1,,,2025,,"R$ 108.296,00",Renault,OROCH Intense 1.6 Flex 16V Mec.,2025,025312-0,Flex,1,F,setembro de 2025 ,gd9kvj27y4dzm,"segunda-feira, 1 de setembro de 2025 06:09",108296.0
325,1,,,2023,,"R$ 87.906,00",Renault,OROCH Pro 1.6 Flex 16V Mec.,2023,025313-8,Flex,1,F,setembro de 2025 ,cdk0l06k4q0pn,"segunda-feira, 1 de setembro de 2025 06:09",87906.0
325,1,,,2024,,"R$ 90.500,00",Renault,OROCH Pro 1.6 Flex 16V Mec.,2024,025313-8,Flex,1,F,setembro de 2025 ,cfkff2phsndsw,"segunda-feira, 1 de setembro de 2025 06:47",90500.0
325,1,,,2025,,"R$ 98.730,00",Renault,OROCH Pro 1.6 Flex 16V Mec.,2025,025313-8,Flex,1,F,setembro de 2025 ,cjnxs2zv8btw3,"segunda-feira, 1 de setembro de 2025 06:09",98730.0
325,1,,,2023,,"R$ 151.902,00",Renault,Kangoo Z.E. Maxi Furgão (Elétrico),2023,025317-0,Elétrico,1,E,setembro de 2025 ,h2fh5c14rkdrv,"segunda-feira, 1 de setembro de 2025 06:09",151902.0
325,1,,,2023,,"R$ 86.264,00",Renault,DUSTER Intense 1.6 16V Flex Mec.,2023,025319-7,Flex,1,F,setembro de 2025 ,ccyrspl6mpvdr5,"segunda-feira, 1 de setembro de 2025 06:47",86264.0
325,1,,,2024,,"R$ 96.903,00",Renault,DUSTER Intense 1.6 16V Flex Mec.,2024,025319-7,Flex,1,F,setembro de 2025 ,chzhq7yj0ltdwd,"segunda-feira, 1 de setembro de 2025 06:09",96903.0
325,1,,,2024,,"R$ 98.450,00",Renault,DUSTER Intense Plus 1.6 16V Flex Aut.,2024,025322-7,Flex,1,F,setembro de 2025 ,cjkm048mc28dwd,"segunda-feira, 1 de setembro de 2025 06:09",98450.0
325,1,,,2025,,"R$ 111.920,00",Renault,DUSTER Intense Plus 1.6 16V Flex Aut.,2025,025322-7,Flex,1,F,setembro de 2025 ,gkj86r96tsdzm,"segunda-feira, 1 de setembro de 2025 06:09",111920.0
325,1,,,2025,,"R$ 113.508,00",Renault,DUSTER Intense Plus 1.6 16V Flex Mec.,2025,025325-1,Flex,1,F,setembro de 2025 ,gmd0hqfj7qdzm,"segunda-feira, 1 de setembro de 2025 06:09",113508.0
325,1,,,2025,,"R$ 99.814,00",Renault,Kardian Evolut. Flex 1.0 TB 12V 5p Aut.,2025,025327-8,Flex,1,F,setembro de 2025 ,cj2ms3qw6k9dzm,"segunda-feira, 1 de setembro de 2025 06:09",99814.0
325,1,,,2025,,"R$ 107.363,00",Renault,Kardian Techno Flex 1.0 TB 12V 5p Aut.,2025,025328-6,Flex,1,F,setembro de 2025 ,gc6nlb5gqbdzm,"segunda-feira, 1 de setembro de 2025 06:09",107363.0
325,1,,,2025,,"R$ 99.730,00",Renault,Kangoo Advanced 1.6 16V Flex ,2025,025331-6,Flex,1,F,setembro de 2025 ,cj1m8m0hbjddzm,"segunda-feira, 1 de setembro de 2025 06:09",99730.0
325,1,,,2022,,"R$ 199.348,00",Volvo,XC 40 T-5 INSC. EXPRE. 1.5 FWD (Híbrido),2022,029148-0,Híbrido,1,H,setembro de 2025 ,kv1067pll1dn8,"segunda-feira, 1 de setembro de 2025 06:09",199348.0
325,1,,,2022,,"R$ 250.988,00",Volvo,XC 60 T-8 INSC. EXPRESS. 2.0 (Híbrido),2022,029151-0,Híbrido,1,H,setembro de 2025 ,mtlzw4kkm2dn8,"segunda-feira, 1 de setembro de 2025 06:47",250988.0
325,1,,,2023,,"R$ 409.015,00",Volvo,XC 90 T-8 Ultimate 2.0 AWD (Híbrido),2023,029154-4,Híbrido,1,H,setembro de 2025 ,tswsrlbdj0dsh,"segunda-feira, 1 de setembro de 2025 06:09",409015.0
325,1,,,2023,,"R$ 324.028,00",Volvo,XC 60 T-8 Ultim.Dark 2.0 AWD (Híbrido),2023,029157-9,Híbrido,1,H,setembro de 2025 ,qk7r4w0j8qdsh,"segunda-feira, 1 de setembro de 2025 06:09",324028.0
325,1,,,2024,,"R$ 374.673,00",Volvo,XC 60 T-8 Ultim.Dark 2.0 AWD (Híbrido),2024,029157-9,Híbrido,1,H,setembro de 2025 ,shmkp0jp22dwq,"segunda-feira, 1 de setembro de 2025 06:09",374673.0
325,1,,,2024,,"R$ 344.826,00",Volvo,XC 60 T-8 Plus 2.0 AWD (Híbrido),2024,029159-5,Híbrido,1,H,setembro de 2025 ,rcmqd7jbz8dwq,"segunda-feira, 1 de setembro de 2025 06:09",344826.0
325,1,,,2021,6,"R$ 528.314,00",Porsche,Cayenne 3.0 V6 (Híbrido),2021,035120-2,Híbrido,1,H,setembro de 2025 ,y9rylx3m5vdk1,"segunda-feira, 1 de setembro de 2025 06:09",528314.0
325,1,,,2022,,"R$ 91.774,00",Caoa Chery/Chery,ARRIZO 6 GSX 1.5 Turbo Flex Aut.,2022,073028-9,Flex,1,F,setembro de 2025 ,cf1chymsg1qlf,"segunda-feira, 1 de setembro de 2025 06:09",91774.0
325,1,,,2023,,"R$ 144.555,00",Caoa Chery/Chery,Tiggo 8 TXS 1.6 16V TGDi Aut.,2023,073029-7,Gasolina,1,G,setembro de 2025 ,hstgwt6m8tdqw,"segunda-feira, 1 de setembro de 2025 06:09",144555.0
325,1,,,2023,,"R$ 162.918,00",JAC,E-J7 193cv 5p Aut. (Elétrico),2023,080035-0,Elétrico,1,E,setembro de 2025 ,jhbxhzmnr5drv,"segunda-feira, 1 de setembro de 2025 06:09",162918.0
325,1,,,2023,,"R$ 76.451,00",Caoa Chery,Tiggo 3X Pro 1.0 Turbo Flex Aut.,2023,093002-4,Flex,1,F,setembro de 2025 ,77p14pl4bgpn,"segunda-feira, 1 de setembro de 2025 06:47",76451.0
325,1,,,2023,,"R$ 136.906,00",Caoa Chery,Tiggo 7 Pro 1.6 Turbo 16V Aut.  ,2023,093004-0,Gasolina,1,G,setembro de 2025 ,hhvgbl4gl4dqw,"segunda-feira, 1 de setembro de 2025 06:09",136906.0
325,1,,,2022,6,"R$ 174.779,00",Caoa Chery,Tiggo 8 PRO 1.5 Turbo (Híbrido) ,2022,093010-5,Híbrido,1,H,setembro de 2025 ,jx70y0k55ldn8,"segunda-feira, 1 de setembro de 2025 06:47",174779.0
325,1,,,2024,6,"R$ 198.256,00",Caoa Chery,Tiggo 8 PRO 1.5 Turbo (Híbrido) ,2024,093010-5,Híbrido,1,H,setembro de 2025 ,ktsbs9jv4rdwq,"segunda-feira, 1 de setembro de 2025 06:09",198256.0
325,1,,,2024,,"R$ 159.246,00",Caoa Chery,Tiggo 8 Max Drive 1.6 Turbo Aut.,2024,093013-0,Gasolina,1,G,setembro de 2025 ,jb1f13f09cdt3,"segunda-feira, 1 de setembro de 2025 06:09",159246.0
325,1,,,2025,,"R$ 168.670,00",Caoa Chery,Tiggo 8 Max Drive 1.6 Turbo Aut.,2025,093013-0,Gasolina,1,G,setembro de 2025 ,jp2zl2lt6cdyb,"segunda-feira, 1 de setembro de 2025 06:09",168670.0
325,1,,,2024,,"R$ 154.333,00",Caoa Chery,Tiggo 7 Pro Max Drive 1.5 TB (Hibrido),2024,093016-4,Híbrido,1,H,setembro de 2025 ,h48v9s2pxcdwq,"segunda-feira, 1 de setembro de 2025 06:47",154333.0
325,1,,,2025,,"R$ 161.700,00",Caoa Chery,Tiggo 7 Pro Max Drive 1.5 TB (Hibrido),2025,093016-4,Híbrido,1,H,setembro de 2025 ,jfxm3x3jrpdzy,"segunda-feira, 1 de setembro de 2025 06:47",161700.0
325,1,,,2023,,"R$ 177.190,00",BYD,Song Plus 1.5 16V Aut. (Hibrido),2023,095005-0,Híbrido,1,H,setembro de 2025 ,j02nkvbywrdsh,"segunda-feira, 1 de setembro de 2025 06:47",177190.0
325,1,,,2024,,"R$ 182.989,00",BYD,Song Plus 1.5 16V Aut. (Hibrido),2024,095005-0,Híbrido,1,H,setembro de 2025 ,j7wfmmh4vsdwq,"segunda-feira, 1 de setembro de 2025 06:09",182989.0
325,1,,,2025,,"R$ 191.475,00",GWM,Haval H6 Premium HEV (Hibrido),2025,096001-2,Híbrido,1,H,setembro de 2025 ,kktv8smlpjdzy,"segunda-feira, 1 de setembro de 2025 06:47",191475.0
325,1,,,2024,,"R$ 222.636,00",GWM,Haval H6 Premium PHEV AWD (Hibrido),2024,096002-0,Híbrido,1,H,setembro de 2025 ,lrcg3t4nrydwq,"segunda-feira, 1 de setembro de 2025 06:09",222636.0
325,1,,,2025,,"R$ 242.882,00",GWM,Haval H6 Premium PHEV AWD (Hibrido),2025,096002-0,Híbrido,1,H,setembro de 2025 ,mh3cd36hzhdzy,"segunda-feira, 1 de setembro de 2025 06:09",242882.0
