brand_norm;model_norm;version_norm;model_year;fipe_brand;fipe_model;fipe_code;score;match_source;first_seen;last_seen
audi;a3;a3 sedan performance black 2.0 aut;2023;audi;a3 sed.perf. black 2.0 tfsi s-tr. (hib.);008256-2;0.7103;contains;2025-08-25;2025-08-25
audi;a3;a3 sedan performance black hibrido mhev aut 2.0 hib;2023;audi;a3 sed.perf. black 2.0 tfsi s-tr. (hib.);008256-2;0.6579;contains;2025-08-25;2025-08-25
audi;a3;a3 sedan performance black hibrido mhev aut 2.0 hib;2024;audi;a3 sed.perf. black 2.0 tfsi s-tr. (hib.);008256-2;0.6579;contains;2025-08-25;2025-08-25
audi;a3;a3 sedan s line 2.0 aut;2022;audi;a3 sedan s-line 2.0 tfsi  s-tron.(híb.);008279-1;0.7004;contains;2025-08-25;2025-08-25
audi;a3;a3 sedan s line 2.0 aut;2023;audi;a3 sedan s-line 2.0 tfsi  s-tron.(híb.);008279-1;0.7004;contains;2025-08-25;2025-08-25
audi;a3;a3 sedan s line hibrido mhev aut 2.0 hib;2023;audi;a3 sedan s-line 2.0 tfsi  s-tron.(híb.);008279-1;0.6359;contains;2025-08-25;2025-08-25
audi;a3;a3 sedan s line hibrido mhev aut 2.0 hib;2024;audi;a3 sedan s-line 2.0 tfsi  s-tron.(híb.);008279-1;0.6359;contains;2025-08-25;2025-08-25
audi;a3;a3 sportback performance black hibrido mhev aut 2.0 hib;2024;audi;a3 sportb. perf. black 2.0 s-tron.(híb.);008275-9;0.7009;contains;2025-08-25;2025-08-25
audi;a3;a3 sportback s line hibrido mhev aut 2.0 hib;2024;audi;a3 sportb. s-line 2.0 tfsi s-tron.(híb.);008278-3;0.6542;contains;2025-08-25;2025-08-25
audi;a4;a4 sedan prestige hibrido hev aut 2.0 hib;2024;audi;a4 prestige 2.0 16v tfsi quattro (híb.);008302-0;0.5117;contains;2025-08-25;2025-08-25
audi;a5;a5 sportback performance tfsi aut 2.0;2019;audi;a5 sportb. perf. 2.0 tfsi quat. s-tronic;008230-9;0.7183;contains;2025-08-25;2025-08-25
audi;a5;a5 sportback s line hibrido hev aut 2.0 hib;2023;audi;a5 sportback s-line 2.0 tfsi s-tronic;008249-0;0.5989;contains;2025-08-25;2025-08-25
audi;e tron;e tron performance black 55 quattro 300k eletrico aut;2020;audi;e-tron performa. black aut. (elétrico);008258-9;0.7733;contains;2025-08-25;2025-08-25
audi;e tron;e tron sportback perfomance 95kw eletrico aut;2022;audi;e-tron sportback perf. aut. (elétrico);008259-7;0.786;contains;2025-08-25;2025-08-25
audi;q3;q3 performance 2.0 aut;2023;audi;q3 performance 2.0 tfsi tiptr. quattro;008284-8;0.6216;contains;2025-08-25;2025-08-25
audi;q3;q3 performance 2.0 aut;2024;audi;q3 performance 2.0 tfsi tiptr. quattro;008284-8;0.6216;contains;2025-08-25;2025-08-25
audi;q3;q3 performance black 2.0 tfsi tiptronic quattro aut tiptr;2023;audi;q3 perf. black 2.0 tfsi tiptr. quattro;008280-5;0.8481;contains;2025-08-25;2025-08-25
audi;q3;q3 performance black 2.0 tiptr;2023;audi;q3 perf. black 2.0 tfsi tiptr. quattro;008280-5;0.8038;contains;2025-08-25;2025-08-25
audi;q3;q3 prestige 2.0 aut;2024;audi;q3 prestige 2.0 tfsi tiptr.quatro;008289-9;0.6119;contains;2025-08-25;2025-08-25
audi;q5;q5 prestige 2.0 aut;2023;audi;q5 prestige 2.0 tfsi quattro s tronic;008238-4;0.5601;contains;2025-08-25;2025-08-25
audi;q5;q5 sportback performance black 2.0 hib aut;2023;audi;q5 sb p black. 2.0 tfsie s.tr. qt (hib.);008287-2;0.7251;contains;2025-08-25;2025-08-25
audi;q5;q5 sportback performance black 2.0 tfsi hibrido phev aut hib;2023;audi;q5 sb p black. 2.0 tfsie s.tr. qt (hib.);008287-2;0.6854;contains;2025-08-25;2025-08-25
audi;q8;q8 performance black 3.0 aut;2020;audi;q8 perf.black 3.0 tfsi quat. s-tr/(híb.);008250-3;0.6317;contains;2025-08-25;2025-08-25
audi;q8;q8 performance black 3.0 aut;2023;audi;q8 perf.black 3.0 tfsi quat. s-tr/(híb.);008250-3;0.6317;contains;2025-08-25;2025-08-25
audi;q8;q8 performance black tfsi aut 3.0;2020;audi;q8 perf.black 3.0 tfsi quat. s-tr/(híb.);008250-3;0.6816;contains;2025-08-25;2025-08-25
bmw;320i;320i gp 2.0 flex aut;2022;bmw;320ia 2.0 turbo/activeflex 16v/gp  4p;009164-2;0.6209;contains;2025-08-25;2025-08-25
bmw;320i;320i gp 2.0 flex aut;2023;bmw;320ia 2.0 turbo/activeflex 16v/gp  4p;009164-2;0.6209;contains;2025-08-25;2025-08-25
bmw;320i;320i m sport 2.0 flex aut;2024;bmw;320ia 2.0 tb m sport a.flex/m.sport 4p;009213-4;0.7175;contains;2025-08-25;2025-08-25
bmw;320i;320i sport gp 2.0 flex aut;2022;bmw;320ia modern/sport tb 2.0/a.flex/gp 4p;009165-0;0.6868;contains;2025-08-25;2025-08-25
bmw;320i;320i sport gp 2.0 flex aut;2024;bmw;320ia modern/sport tb 2.0/a.flex/gp 4p;009165-0;0.6868;contains;2025-08-25;2025-08-25
bmw;i3 bev;i3 bev full 42kw eletrico;2022;bmw;i3 bev full 170cv aut. (elétrico);009254-1;0.7143;contains;2025-08-25;2025-08-25
bmw;x1;x1 sdrive 20i 2.0 flex aut;2022;bmw;x1 sdrive 20i 2.0/2.0 tb acti.flex aut.;009172-3;0.8198;contains;2025-08-25;2025-08-25
bmw;x1;x1 sdrive 20i gp 2.0 flex aut;2022;bmw;x1 sdrive 20i 2.0/2.0 tb acti.flex aut.;009172-3;0.7673;contains;2025-08-25;2025-08-25
bmw;x1;x1 sdrive 20i gp plus 2.0 flex aut;2022;bmw;x1 sdrive 20i 2.0/2.0 tb acti.flex aut.;009172-3;0.7112;contains;2025-08-25;2025-08-25
bmw;x1;x1 sdrive 20i x line plus 2.0 flex aut;2022;bmw;x1 sdrive 20i x-line 2.0 tb active flex;009239-8;0.7231;contains;2025-08-25;2025-08-25
bmw;x3;x3 m40i 3.0 aut;2021;bmw;x3 m40i 3.0 turbo v6  aut.;009227-4;0.7579;contains;2025-08-25;2025-08-25
byd;song;song plus dm i 1.5 hib aut;2023;byd;song plus 1.5 16v aut. (hibrido);095005-0;0.6333;contains;2025-08-25;2025-08-25
byd;song;song plus dm i 1.5 hib aut;2024;byd;song plus 1.5 16v aut. (hibrido);095005-0;0.6333;contains;2025-08-25;2025-08-25
byd;song;song plus dm i 1.5 hibrido phev aut hib;2024;byd;song plus 1.5 16v aut. (hibrido);095005-0;0.6535;contains;2025-08-25;2025-08-25
chery;tiggo 3x;tiggo 3x pro 1.0 flex aut;2023;caoa chery;tiggo 3x pro 1.0 turbo flex aut.;093002-4;0.8948;contains;2025-08-25;2025-08-25
chery;tiggo 7;tiggo 7 pro 1.6 aut;2023;caoa chery;tiggo 7 pro 1.6 turbo 16v aut.;093004-0;0.8712;contains;2025-08-25;2025-08-25
chery;tiggo 8;tiggo 8 pro 1.5 turbo hibrido phev aut hib;2024;caoa chery;tiggo 8 pro 1.5 turbo (híbrido);093010-5;0.7818;contains;2025-08-25;2025-08-25
chery;tiggo 8;tiggo 8 txs 1.6 aut;2022;caoa chery;tiggo 8 pro 1.5 turbo (híbrido);093010-5;0.4244;contains;2025-08-25;2025-08-25
chery;tiggo 8;tiggo 8 txs max drive 1.6 aut;2024;caoa chery;tiggo 8 max drive 1.6 turbo aut.;093013-0;0.8238;contains;2025-08-25;2025-08-25
chery;tiggo 8;tiggo 8 txs max drive 1.6 aut;2025;caoa chery;tiggo 8 max drive 1.6 turbo aut.;093013-0;0.8238;contains;2025-08-25;2025-08-25
chevrolet;bolt;bolt ev premier 66kw eletrico aut;2020;gm - chevrolet;bolt ev premier 203cv (elétrico);004520-9;0.7293;contains;2025-08-25;2025-08-25
chevrolet;cruze;cruze lt aut turbo 1.4 flex;2022;gm - chevrolet;cruze lt 1.4 16v turbo flex 4p aut.;004470-9;0.8704;contains;2025-08-25;2025-08-25
chevrolet;cruze;cruze lt aut turbo 1.4 flex;2023;gm - chevrolet;cruze lt 1.4 16v turbo flex 4p aut.;004470-9;0.8704;contains;2025-08-25;2025-08-25
chevrolet;cruze;cruze premier aut turbo 1.4 flex;2023;gm - chevrolet;cruze premier 1.4 16v tb flex aut.;004509-8;0.8906;contains;2025-08-25;2025-08-25
chevrolet;cruze;cruze sedan lt 1.4 flex aut;2020;gm - chevrolet;cruze lt 1.4 16v turbo flex 4p aut.;004470-9;0.7817;contains;2025-08-25;2025-08-25
chevrolet;cruze;cruze sedan lt 1.4 flex aut;2022;gm - chevrolet;cruze lt 1.4 16v turbo flex 4p aut.;004470-9;0.7817;contains;2025-08-25;2025-08-25
chevrolet;cruze;cruze sedan lt 1.4 flex aut;2023;gm - chevrolet;cruze lt 1.4 16v turbo flex 4p aut.;004470-9;0.7817;contains;2025-08-25;2025-08-25
chevrolet;equinox;equinox premier 1.5 aut;2022;gm - chevrolet;equinox premier 1.5 turbo 172cv aut.;004529-2;0.7699;contains;2025-08-25;2025-08-25
chevrolet;equinox;equinox premier 1.5 aut;2023;gm - chevrolet;equinox premier 1.5 turbo 172cv aut.;004529-2;0.7699;contains;2025-08-25;2025-08-25
chevrolet;equinox;equinox rs turbo aut 1.5;2023;gm - chevrolet;equinox rs 1.5 turbo  aut.;004538-1;0.9167;contains;2025-08-25;2025-08-25
chevrolet;montana;montana lt turbo flex 1.2 mec;2023;gm - chevrolet;montana lt 1.2  turbo flex 12v 4p mec.;004540-3;0.931;contains;2025-08-25;2025-08-25
chevrolet;montana;montana lt turbo flex 1.2 mec;2024;gm - chevrolet;montana lt 1.2  turbo flex 12v 4p mec.;004540-3;0.931;contains;2025-08-25;2025-08-25
chevrolet;montana;montana lt turbo flex 1.2 mec;2025;gm - chevrolet;montana lt 1.2  turbo flex 12v 4p mec.;004540-3;0.931;contains;2025-08-25;2025-08-25
chevrolet;montana;montana ltz turbo flex aut 1.2;2023;gm - chevrolet;montana ltz 1.2 turbo flex 12v 4p aut.;004541-1;0.9333;contains;2025-08-25;2025-08-25
chevrolet;montana;montana ltz turbo flex aut 1.2;2024;gm - chevrolet;montana ltz 1.2 turbo flex 12v 4p aut.;004541-1;0.9333;contains;2025-08-25;2025-08-25
chevrolet;montana;montana ltz turbo flex aut 1.2;2025;gm - chevrolet;montana ltz 1.2 turbo flex 12v 4p aut.;004541-1;0.9333;contains;2025-08-25;2025-08-25
chevrolet;montana;montana premier turbo flex aut 1.2;2024;gm - chevrolet;montana premier 1.2 turbo flex 12v aut.;004542-0;0.9412;contains;2025-08-25;2025-08-25
chevrolet;montana;montana premier turbo flex aut 1.2;2025;gm - chevrolet;montana premier 1.2 turbo flex 12v aut.;004542-0;0.9412;contains;2025-08-25;2025-08-25
chevrolet;montana;montana turbo flex 1.2 mec;2024;gm - chevrolet;montana 1.2 turbo flex 12v 4p mec.;004539-0;0.9231;contains;2025-08-25;2025-08-25
chevrolet;onix;onix hatch ls 1.0 flex mec;2025;gm - chevrolet;onix hatch 1.0 12v flex 5p mec.;004519-5;0.9088;contains;2025-08-25;2025-08-25
chevrolet;onix;onix hatch lt 1.0 flex aut;2024;gm - chevrolet;onix hatch lt 1.0 12v tb flex 5p aut.;004514-4;0.8966;contains;2025-08-25;2025-08-25
chevrolet;onix;onix hatch lt 1.0 flex mec;2022;gm - chevrolet;onix hatch lt 1.0 12v flex 5p mec.;004517-9;1.0;contains;2025-08-25;2025-08-25
chevrolet;onix;onix hatch lt 1.0 flex mec;2023;gm - chevrolet;onix hatch lt 1.0 12v flex 5p mec.;004517-9;1.0;contains;2025-08-25;2025-08-25
chevrolet;onix;onix hatch lt 1.0 flex mec;2024;gm - chevrolet;onix hatch lt 1.0 12v flex 5p mec.;004517-9;1.0;contains;2025-08-25;2025-08-25
chevrolet;onix;onix hatch lt 1.0 flex mec;2025;gm - chevrolet;onix hatch lt 1.0 12v flex 5p mec.;004517-9;1.0;contains;2025-08-25;2025-08-25
chevrolet;onix;onix hatch lt mt 1.0 flex mec;2023;gm - chevrolet;onix hatch lt 1.0 12v flex 5p mec.;004517-9;0.9211;contains;2025-08-25;2025-08-25
chevrolet;onix;onix hatch lt mt turbo 1.0 flex mec;2024;gm - chevrolet;onix hatch lt 1.0 12v tb flex 5p mec.;004512-8;0.8878;contains;2025-08-25;2025-08-25
chevrolet;onix;onix hatch lt mt turbo 1.0 flex mec;2025;gm - chevrolet;onix hatch lt 1.0 12v tb flex 5p mec.;004512-8;0.8878;contains;2025-08-25;2025-08-25
chevrolet;onix;onix hatch ltz 1.0 flex aut;2023;gm - chevrolet;onix hatch ltz 1.0 12v tb flex 5p aut.;004515-2;0.8984;contains;2025-08-25;2025-08-25
chevrolet;onix;onix hatch ltz 1.0 flex aut;2024;gm - chevrolet;onix hatch ltz 1.0 12v tb flex 5p aut.;004515-2;0.8984;contains;2025-08-25;2025-08-25
chevrolet;onix;onix hatch ltz 1.0 flex aut;2025;gm - chevrolet;onix hatch ltz 1.0 12v tb flex 5p aut.;004515-2;0.8984;contains;2025-08-25;2025-08-25
chevrolet;onix;onix hatch ltz 1.0 flex mec;2023;gm - chevrolet;onix hatch 1.0 12v flex 5p mec.;004519-5;0.8994;contains;2025-08-25;2025-08-25
chevrolet;onix;onix hatch ltz 1.0 turbo flex aut;2025;gm - chevrolet;onix hatch ltz 1.0 12v tb flex 5p aut.;004515-2;1.0;contains;2025-08-25;2025-08-25
chevrolet;onix;onix hatch premier ii 1.0 flex aut;2023;gm - chevrolet;onix hatch prem. 1.0 12v tb flex 5p aut.;004516-0;0.7372;contains;2025-08-25;2025-08-25
chevrolet;onix;onix hatch premier ii 1.0 flex aut;2024;gm - chevrolet;onix hatch prem. 1.0 12v tb flex 5p aut.;004516-0;0.7372;contains;2025-08-25;2025-08-25
chevrolet;onix;onix hatch premier ii 1.0 flex aut;2025;gm - chevrolet;onix hatch prem. 1.0 12v tb flex 5p aut.;004516-0;0.7372;contains;2025-08-25;2025-08-25
chevrolet;onix;onix hatch premier ii 1.0 turbo flex aut;2024;gm - chevrolet;onix hatch prem. 1.0 12v tb flex 5p aut.;004516-0;0.8328;contains;2025-08-25;2025-08-25
chevrolet;onix;onix hatch premier ii 1.0 turbo flex aut;2025;gm - chevrolet;onix hatch prem. 1.0 12v tb flex 5p aut.;004516-0;0.8328;contains;2025-08-25;2025-08-25
chevrolet;onix;onix sedan plus lt 1.0 flex aut;2023;gm - chevrolet;onix sedan plus lt 1.0 12v tb flex aut.;004501-2;0.9109;contains;2025-08-25;2025-08-25
chevrolet;onix;onix sedan plus lt 1.0 flex aut;2024;gm - chevrolet;onix sedan plus lt 1.0 12v tb flex aut.;004501-2;0.9109;contains;2025-08-25;2025-08-25
chevrolet;onix;onix sedan plus lt 1.0 flex aut;2025;gm - chevrolet;onix sedan plus lt 1.0 12v tb flex aut.;004501-2;0.9109;contains;2025-08-25;2025-08-25
chevrolet;onix;onix sedan plus lt 1.0 flex mec;2022;gm - chevrolet;onix sedan plus lt 1.0 12v flex 4p mec.;004518-7;1.0;contains;2025-08-25;2025-08-25
chevrolet;onix;onix sedan plus lt 1.0 flex mec;2023;gm - chevrolet;onix sedan plus lt 1.0 12v flex 4p mec.;004518-7;1.0;contains;2025-08-25;2025-08-25
chevrolet;onix;onix sedan plus lt 1.0 flex mec;2024;gm - chevrolet;onix sedan plus lt 1.0 12v flex 4p mec.;004518-7;1.0;contains;2025-08-25;2025-08-25
chevrolet;onix;onix sedan plus lt 1.0 flex mec;2025;gm - chevrolet;onix sedan plus lt 1.0 12v flex 4p mec.;004518-7;1.0;contains;2025-08-25;2025-08-25
chevrolet;onix;onix sedan plus lt 1.0 turbo flex aut;2024;gm - chevrolet;onix sedan plus lt 1.0 12v tb flex aut.;004501-2;1.0;contains;2025-08-25;2025-08-25
chevrolet;onix;onix sedan plus lt 1.0 turbo flex aut;2025;gm - chevrolet;onix sedan plus lt 1.0 12v tb flex aut.;004501-2;1.0;contains;2025-08-25;2025-08-25
chevrolet;onix;onix sedan plus lt 1.0 turbo flex mec;2024;gm - chevrolet;onix sedan plus lt 1.0 12v tb flex mec.;004500-4;1.0;contains;2025-08-25;2025-08-25
chevrolet;onix;onix sedan plus lt mt 1.0 flex mec;2023;gm - chevrolet;onix sedan plus lt 1.0 12v flex 4p mec.;004518-7;0.9319;contains;2025-08-25;2025-08-25
chevrolet;onix;onix sedan plus ltz 1.0 flex aut;2020;gm - chevrolet;onix sedan plus ltz 1.0 12v tb flex aut.;004502-0;0.9121;contains;2025-08-25;2025-08-25
chevrolet;onix;onix sedan plus ltz 1.0 flex aut;2021;gm - chevrolet;onix sedan plus ltz 1.0 12v tb flex aut.;004502-0;0.9121;contains;2025-08-25;2025-08-25
chevrolet;onix;onix sedan plus ltz 1.0 flex aut;2022;gm - chevrolet;onix sedan plus ltz 1.0 12v tb flex aut.;004502-0;0.9121;contains;2025-08-25;2025-08-25
chevrolet;onix;onix sedan plus ltz 1.0 flex aut;2023;gm - chevrolet;onix sedan plus ltz 1.0 12v tb flex aut.;004502-0;0.9121;contains;2025-08-25;2025-08-25
chevrolet;onix;onix sedan plus ltz 1.0 flex aut;2024;gm - chevrolet;onix sedan plus ltz 1.0 12v tb flex aut.;004502-0;0.9121;contains;2025-08-25;2025-08-25
chevrolet;onix;onix sedan plus ltz 1.0 flex aut;2025;gm - chevrolet;onix sedan plus ltz 1.0 12v tb flex aut.;004502-0;0.9121;contains;2025-08-25;2025-08-25
chevrolet;onix;onix sedan plus ltz 1.0 flex mec;2022;gm - chevrolet;onix sedan plus ltz 1.0 12v tb flex mec.;004503-9;0.9121;contains;2025-08-25;2025-08-25
chevrolet;onix;onix sedan plus ltz 1.0 flex mec;2023;gm - chevrolet;onix sedan plus ltz 1.0 12v tb flex mec.;004503-9;0.9121;contains;2025-08-25;2025-08-25
chevrolet;onix;onix sedan plus ltz 1.0 turbo flex aut;2023;gm - chevrolet;onix sedan plus ltz 1.0 12v tb flex aut.;004502-0;1.0;contains;2025-08-25;2025-08-25
chevrolet;onix;onix sedan plus ltz 1.0 turbo flex aut;2024;gm - chevrolet;onix sedan plus ltz 1.0 12v tb flex aut.;004502-0;1.0;contains;2025-08-25;2025-08-25
chevrolet;onix;onix sedan plus ltz 1.0 turbo flex aut;2025;gm - chevrolet;onix sedan plus ltz 1.0 12v tb flex aut.;004502-0;1.0;contains;2025-08-25;2025-08-25
chevrolet;onix;onix sedan plus ltz 1.0 turbo flex mec;2023;gm - chevrolet;onix sedan plus ltz 1.0 12v tb flex mec.;004503-9;1.0;contains;2025-08-25;2025-08-25
chevrolet;onix;onix sedan plus premier ii 1.0 flex aut;2023;gm - chevrolet;onix sed. plus prem. 1.0 12v tb flex aut;004504-7;0.7681;contains;2025-08-25;2025-08-25
chevrolet;onix;onix sedan plus premier ii 1.0 flex aut;2024;gm - chevrolet;onix sed. plus prem. 1.0 12v tb flex aut;004504-7;0.7681;contains;2025-08-25;2025-08-25
chevrolet;onix;onix sedan plus premier ii 1.0 flex aut;2025;gm - chevrolet;onix sed. plus prem. 1.0 12v tb flex aut;004504-7;0.7681;contains;2025-08-25;2025-08-25
chevrolet;onix;onix sedan plus premier ii 1.0 turbo flex aut;2024;gm - chevrolet;onix sed. plus prem. 1.0 12v tb flex aut;004504-7;0.8513;contains;2025-08-25;2025-08-25
chevrolet;onix;onix sedan plus turbo lt aut 1.0 flex;2020;gm - chevrolet;onix sedan plus lt 1.0 12v tb flex aut.;004501-2;0.8649;contains;2025-08-25;2025-08-25
chevrolet;onix;onix sedan plus turbo lt aut 1.0 flex;2024;gm - chevrolet;onix sedan plus lt 1.0 12v tb flex aut.;004501-2;0.8649;contains;2025-08-25;2025-08-25
chevrolet;onix;onix sedan plus turbo lt aut 1.0 flex;2025;gm - chevrolet;onix sedan plus lt 1.0 12v tb flex aut.;004501-2;0.8649;contains;2025-08-25;2025-08-25
chevrolet;onix;onix sedan plus turbo ltz aut 1.0 flex;2022;gm - chevrolet;onix sedan plus ltz 1.0 12v tb flex aut.;004502-0;0.8553;contains;2025-08-25;2025-08-25
chevrolet;onix;onix sedan plus turbo ltz aut 1.0 flex;2023;gm - chevrolet;onix sedan plus ltz 1.0 12v tb flex aut.;004502-0;0.8553;contains;2025-08-25;2025-08-25
chevrolet;onix;onix sedan plus turbo ltz aut 1.0 flex;2024;gm - chevrolet;onix sedan plus ltz 1.0 12v tb flex aut.;004502-0;0.8553;contains;2025-08-25;2025-08-25
chevrolet;onix;onix sedan plus turbo ltz aut 1.0 flex;2025;gm - chevrolet;onix sedan plus ltz 1.0 12v tb flex aut.;004502-0;0.8553;contains;2025-08-25;2025-08-25
chevrolet;onix;onix sedan plus turbo ltz mt 1.0 flex aut;2022;gm - chevrolet;onix sedan plus ltz 1.0 12v tb flex aut.;004502-0;0.8399;contains;2025-08-25;2025-08-25
chevrolet;onix;onix sedan plus turbo ltz mt 1.0 flex mec;2021;gm - chevrolet;onix sedan plus ltz 1.0 12v tb flex mec.;004503-9;0.8399;contains;2025-08-25;2025-08-25
chevrolet;onix;onix sedan plus turbo ltz mt 1.0 flex mec;2023;gm - chevrolet;onix sedan plus ltz 1.0 12v tb flex mec.;004503-9;0.8399;contains;2025-08-25;2025-08-25
chevrolet;s10;s10 cd ls 2.8 diesel mec;2023;gm - chevrolet;s10 pick-up ls 2.8 tdi 4x4 cd dies. mec.;004413-0;0.7044;contains;2025-08-25;2025-08-25
chevrolet;s10;s10 cd ls 2.8 diesel mec;2024;gm - chevrolet;s10 pick-up ls 2.8 tdi 4x4 cd dies. mec.;004413-0;0.7044;contains;2025-08-25;2025-08-25
chevrolet;s10;s10 cd ls mt 4x4 2.8 diesel mec;2022;gm - chevrolet;s10 pick-up ls 2.8 tdi 4x4 cd dies. mec.;004413-0;0.7268;contains;2025-08-25;2025-08-25
chevrolet;s10;s10 cd ls mt 4x4 2.8 diesel mec;2023;gm - chevrolet;s10 pick-up ls 2.8 tdi 4x4 cd dies. mec.;004413-0;0.7268;contains;2025-08-25;2025-08-25
chevrolet;s10;s10 cd ls mt 4x4 2.8 diesel mec;2024;gm - chevrolet;s10 pick-up ls 2.8 tdi 4x4 cd dies. mec.;004413-0;0.7268;contains;2025-08-25;2025-08-25
chevrolet;s10;s10 cd ls mt 4x4 2.8 etanol mec;2022;gm - chevrolet;s10 pick-up ls 2.8 tdi 4x4 cd dies. mec.;004413-0;0.6099;contains;2025-08-25;2025-08-25
chevrolet;s10;s10 cd lt 2.8 diesel aut;2023;gm - chevrolet;s10 pick-up lt 2.8 tdi 4x4 cd diesel aut;004395-8;0.7044;contains;2025-08-25;2025-08-25
chevrolet;s10;s10 cd lt 2.8 diesel aut;2024;gm - chevrolet;s10 pick-up lt 2.8 tdi 4x4 cd diesel aut;004395-8;0.7044;contains;2025-08-25;2025-08-25
chevrolet;s10;s10 cd lt aut 4x4 2.8 diesel;2023;gm - chevrolet;s10 pick-up lt 2.8 tdi 4x4 cd diesel aut;004395-8;0.7106;contains;2025-08-25;2025-08-25
chevrolet;s10;s10 cd lt aut 4x4 2.8 diesel;2024;gm - chevrolet;s10 pick-up lt 2.8 tdi 4x4 cd diesel aut;004395-8;0.7106;contains;2025-08-25;2025-08-25
chevrolet;s10;s10 cd lt aut 4x4 2.8 diesel mec;2023;gm - chevrolet;s10 pick-up lt 2.8 tdi 4x4 cd diesel aut;004395-8;0.6801;contains;2025-08-25;2025-08-25
chevrolet;s10;s10 cd ltz 2.8 diesel aut;2022;gm - chevrolet;s10 pick-up ltz 2.8 tdi 4x4 cd dies.aut;004397-4;0.7086;contains;2025-08-25;2025-08-25
chevrolet;s10;s10 cd ltz 2.8 diesel aut;2024;gm - chevrolet;s10 pick-up ltz 2.8 tdi 4x4 cd dies.aut;004397-4;0.7086;contains;2025-08-25;2025-08-25
chevrolet;s10;s10 cs ls 2.8 diesel mec;2024;gm - chevrolet;s10 pick-up ls 2.8 tdi 4x4 cd dies. mec.;004413-0;0.6378;contains;2025-08-25;2025-08-25
chevrolet;spin;spin premier 1.8 econoflex aut flex;2023;gm - chevrolet;spin premier 1.8 8v econo.flex 5p aut.;004494-6;0.8474;contains;2025-08-25;2025-08-25
chevrolet;spin;spin premier 1.8 econoflex aut flex;2024;gm - chevrolet;spin premier 1.8 8v econo.flex 5p aut.;004494-6;0.8474;contains;2025-08-25;2025-08-25
chevrolet;spin;spin premier 1.8 econoflex aut flex;2025;gm - chevrolet;spin premier 1.8 8v econo.flex 5p aut.;004494-6;0.8474;contains;2025-08-25;2025-08-25
chevrolet;spin;spin premier 1.8 flex aut;2023;gm - chevrolet;spin premier 1.8 8v econo.flex 5p aut.;004494-6;0.8858;contains;2025-08-25;2025-08-25
chevrolet;spin;spin premier 1.8 flex aut;2024;gm - chevrolet;spin premier 1.8 8v econo.flex 5p aut.;004494-6;0.8858;contains;2025-08-25;2025-08-25
chevrolet;spin;spin premier 1.8 flex aut;2025;gm - chevrolet;spin premier 1.8 8v econo.flex 5p aut.;004494-6;0.8858;contains;2025-08-25;2025-08-25
chevrolet;spin;spin premier aut 7 lugares 1.8 flex;2023;gm - chevrolet;spin premier 1.8 8v econo.flex 5p aut.;004494-6;0.674;contains;2025-08-25;2025-08-25
chevrolet;spin;spin premier aut 7 lugares 1.8 flex;2024;gm - chevrolet;spin premier 1.8 8v econo.flex 5p aut.;004494-6;0.674;contains;2025-08-25;2025-08-25
chevrolet;spin;spin premier aut 7 lugares 1.8 flex;2025;gm - chevrolet;spin premier 1.8 8v econo.flex 5p aut.;004494-6;0.674;contains;2025-08-25;2025-08-25
chevrolet;tracker;tracker lt 1.0 flex aut;2023;gm - chevrolet;tracker lt 1.0 turbo 12v flex aut.;004522-5;0.8817;contains;2025-08-25;2025-08-25
chevrolet;tracker;tracker lt 1.0 flex aut;2024;gm - chevrolet;tracker lt 1.0 turbo 12v flex aut.;004522-5;0.8817;contains;2025-08-25;2025-08-25
chevrolet;tracker;tracker lt 1.0 flex aut;2025;gm - chevrolet;tracker lt 1.0 turbo 12v flex aut.;004522-5;0.8817;contains;2025-08-25;2025-08-25
chevrolet;tracker;tracker lt 1.0 turbo flex aut;2024;gm - chevrolet;tracker lt 1.0 turbo 12v flex aut.;004522-5;1.0;contains;2025-08-25;2025-08-25
chevrolet;tracker;tracker lt 1.0 turbo flex aut;2025;gm - chevrolet;tracker lt 1.0 turbo 12v flex aut.;004522-5;1.0;contains;2025-08-25;2025-08-25
chevrolet;tracker;tracker lt aut turbo 1.0 flex;2023;gm - chevrolet;tracker lt 1.0 turbo 12v flex aut.;004522-5;0.8793;contains;2025-08-25;2025-08-25
chevrolet;tracker;tracker lt aut turbo 1.0 flex;2025;gm - chevrolet;tracker lt 1.0 turbo 12v flex aut.;004522-5;0.8793;contains;2025-08-25;2025-08-25
chevrolet;tracker;tracker ltz 1.0 flex aut;2023;gm - chevrolet;tracker ltz 1.0 turbo 12v flex aut.;004532-2;0.8838;contains;2025-08-25;2025-08-25
chevrolet;tracker;tracker ltz 1.0 flex aut;2024;gm - chevrolet;tracker ltz 1.0 turbo 12v flex aut.;004532-2;0.8838;contains;2025-08-25;2025-08-25
chevrolet;tracker;tracker ltz 1.0 flex aut;2025;gm - chevrolet;tracker ltz 1.0 turbo 12v flex aut.;004532-2;0.8838;contains;2025-08-25;2025-08-25
chevrolet;tracker;tracker ltz 1.0 turbo flex aut;2024;gm - chevrolet;tracker ltz 1.0 turbo 12v flex aut.;004532-2;1.0;contains;2025-08-25;2025-08-25
chevrolet;tracker;tracker ltz 1.0 turbo flex aut;2025;gm - chevrolet;tracker ltz 1.0 turbo 12v flex aut.;004532-2;1.0;contains;2025-08-25;2025-08-25
chevrolet;tracker;tracker ltz aut turbo 1.0 flex;2024;gm - chevrolet;tracker ltz 1.0 turbo 12v flex aut.;004532-2;0.8833;contains;2025-08-25;2025-08-25
chevrolet;tracker;tracker premier 1.0 flex aut;2023;gm - chevrolet;tracker premier 1.0 turbo 12v flex aut.;004533-0;0.891;contains;2025-08-25;2025-08-25
chevrolet;tracker;tracker premier 1.2 flex aut;2021;gm - chevrolet;tracker premier 1.2 turbo 12v flex aut.;004525-0;0.891;contains;2025-08-25;2025-08-25
chevrolet;tracker;tracker premier 1.2 flex aut;2022;gm - chevrolet;tracker premier 1.2 turbo 12v flex aut.;004525-0;0.891;contains;2025-08-25;2025-08-25
chevrolet;tracker;tracker premier 1.2 flex aut;2023;gm - chevrolet;tracker premier 1.2 turbo 12v flex aut.;004525-0;0.891;contains;2025-08-25;2025-08-25
chevrolet;tracker;tracker premier 1.2 flex aut;2024;gm - chevrolet;tracker premier 1.2 turbo 12v flex aut.;004525-0;0.891;contains;2025-08-25;2025-08-25
chevrolet;tracker;tracker premier 1.2 flex aut;2025;gm - chevrolet;tracker premier 1.2 turbo 12v flex aut.;004525-0;0.891;contains;2025-08-25;2025-08-25
chevrolet;tracker;tracker premier aut turbo 1.2 flex;2021;gm - chevrolet;tracker premier 1.2 turbo 12v flex aut.;004525-0;0.8971;contains;2025-08-25;2025-08-25
chevrolet;tracker;tracker premier aut turbo 1.2 flex;2023;gm - chevrolet;tracker premier 1.2 turbo 12v flex aut.;004525-0;0.8971;contains;2025-08-25;2025-08-25
chevrolet;tracker;tracker premier aut turbo 1.2 flex;2024;gm - chevrolet;tracker premier 1.2 turbo 12v flex aut.;004525-0;0.8971;contains;2025-08-25;2025-08-25
citroen;c3;c3 feel 1.0 flex mec;2023;citroën;c3 feel 1.0 flex 6v 5p mec.;011224-0;1.0;contains;2025-08-25;2025-08-25
citroen;c3;c3 feel 1.0 flex mec;2024;citroën;c3 feel 1.0 flex 6v 5p mec.;011224-0;1.0;contains;2025-08-25;2025-08-25
citroen;c3;c3 feel pack 1.6 flex aut;2023;citroën;c3 feel pack 1.6 flex 16v 5p aut.;011226-7;1.0;contains;2025-08-25;2025-08-25
citroen;c3;c3 live 1.0 flex mec;2024;citroën;c3 live 1.0 flex 6v 5p mec.;011222-4;1.0;contains;2025-08-25;2025-08-25
citroen;c3;c3 live pack 1.0 flex mec;2023;citroën;c3 live pack 1.0 flex 6v 5p mec.;011223-2;1.0;contains;2025-08-25;2025-08-25
citroen;c3;c3 live pack 1.0 flex mec;2024;citroën;c3 live pack 1.0 flex 6v 5p mec.;011223-2;1.0;contains;2025-08-25;2025-08-25
citroen;c3;c3 live pack 1.0 flex mec;2025;citroën;c3 live pack 1.0 flex 6v 5p mec.;011223-2;1.0;contains;2025-08-25;2025-08-25
citroen;c3 aircross;c3 aircross feel pack turbo flex aut 1.0;2025;citroën;c3 aircross feel 1.0 flex turbo 200 aut.;011232-1;0.7725;contains;2025-08-25;2025-08-25
citroen;c4;c4 cactus feel 1.6 flex aut;2023;citroën;c4 cactus feel 1.6 16v flex aut.;011198-8;1.0;contains;2025-08-25;2025-08-25
citroen;c4;c4 cactus feel pack 1.6 flex aut;2023;citroën;c4 cactus feel pack 1.6 16v flex aut.;011197-0;1.0;contains;2025-08-25;2025-08-25
citroen;c4;c4 cactus feel pack 1.6 flex aut;2024;citroën;c4 cactus feel pack 1.6 16v flex aut.;011197-0;1.0;contains;2025-08-25;2025-08-25
fiat;argo;argo 1.0 flex mec;2022;fiat;argo 1.0 6v flex;001509-1;0.8405;contains;2025-08-25;2025-08-25
fiat;argo;argo 1.0 flex mec;2023;fiat;argo 1.0 6v flex;001509-1;0.8405;contains;2025-08-25;2025-08-25
fiat;argo;argo 1.0 flex mec;2024;fiat;argo 1.0 6v flex;001509-1;0.8405;contains;2025-08-25;2025-08-25
fiat;argo;argo 1.0 flex mec;2025;fiat;argo 1.0 6v flex;001509-1;0.8405;contains;2025-08-25;2025-08-25
fiat;argo;argo drive 1.0 flex mec;2021;fiat;argo drive 1.0 6v flex;001494-0;0.879;contains;2025-08-25;2025-08-25
fiat;argo;argo drive 1.0 flex mec;2022;fiat;argo drive 1.0 6v flex;001494-0;0.879;contains;2025-08-25;2025-08-25
fiat;argo;argo drive 1.0 flex mec;2023;fiat;argo drive 1.0 6v flex;001494-0;0.879;contains;2025-08-25;2025-08-25
fiat;argo;argo drive 1.0 flex mec;2024;fiat;argo drive 1.0 6v flex;001494-0;0.879;contains;2025-08-25;2025-08-25
fiat;argo;argo drive 1.0 flex mec;2025;fiat;argo drive 1.0 6v flex;001494-0;0.879;contains;2025-08-25;2025-08-25
fiat;argo;argo flex 1.0 mec;2022;fiat;argo 1.0 6v flex;001509-1;0.7071;contains;2025-08-25;2025-08-25
fiat;argo;argo flex 1.0 mec;2023;fiat;argo 1.0 6v flex;001509-1;0.7071;contains;2025-08-25;2025-08-25
fiat;argo;argo flex 1.0 mec;2024;fiat;argo 1.0 6v flex;001509-1;0.7071;contains;2025-08-25;2025-08-25
fiat;argo;argo trekking 1.3 flex mec;2024;fiat;argo trekking 1.3 8v flex;001519-9;0.885;contains;2025-08-25;2025-08-25
fiat;cronos;cronos drive 1.0 flex mec;2023;fiat;cronos drive 1.0 6v flex;001553-9;0.8832;contains;2025-08-25;2025-08-25
fiat;cronos;cronos drive 1.0 flex mec;2024;fiat;cronos drive 1.0 6v flex;001553-9;0.8832;contains;2025-08-25;2025-08-25
fiat;cronos;cronos drive 1.0 flex mec;2025;fiat;cronos drive 1.0 6v flex;001553-9;0.8832;contains;2025-08-25;2025-08-25
fiat;cronos;cronos drive 1.3 flex aut;2023;fiat;cronos drive 1.3 8v flex aut.;001554-7;1.0;contains;2025-08-25;2025-08-25
fiat;cronos;cronos drive 1.3 flex aut;2024;fiat;cronos drive 1.3 8v flex aut.;001554-7;1.0;contains;2025-08-25;2025-08-25
fiat;cronos;cronos drive 1.3 flex aut;2025;fiat;cronos drive 1.3 8v flex aut.;001554-7;1.0;contains;2025-08-25;2025-08-25
fiat;cronos;cronos drive 1.3 flex mec;2022;fiat;cronos drive 1.3 8v flex;001505-9;0.8832;contains;2025-08-25;2025-08-25
fiat;cronos;cronos drive 1.3 flex mec;2023;fiat;cronos drive 1.3 8v flex;001505-9;0.8832;contains;2025-08-25;2025-08-25
fiat;cronos;cronos drive 1.3 flex mec;2024;fiat;cronos drive 1.3 8v flex;001505-9;0.8832;contains;2025-08-25;2025-08-25
fiat;cronos;cronos drive 1.3 flex mec;2025;fiat;cronos drive 1.3 8v flex;001505-9;0.8832;contains;2025-08-25;2025-08-25
fiat;cronos;cronos drive flex 1.0 mec;2024;fiat;cronos drive 1.0 6v flex;001553-9;0.7962;contains;2025-08-25;2025-08-25
fiat;cronos;cronos flex 1.3 mec;2022;fiat;cronos 1.3 8v flex;001506-7;0.7307;contains;2025-08-25;2025-08-25
fiat;cronos;cronos precision 1.3 flex aut;2024;fiat;cronos precision 1.3 8v flex aut.;001555-5;1.0;contains;2025-08-25;2025-08-25
fiat;ducato;ducato cargo medio 10m 2.3 diesel mec;2019;fiat;ducato cargo médio 2.3 16v diesel;001498-2;0.8323;contains;2025-08-25;2025-08-25
fiat;fastback;fastback audace 1.0 flex aut;2023;fiat;fastback audace 1.0 200 t. flex aut;001558-0;0.8171;contains;2025-08-25;2025-08-25
fiat;fastback;fastback audace 1.0 flex aut;2024;fiat;fastback audace 1.0 200 t. flex aut;001558-0;0.8171;contains;2025-08-25;2025-08-25
fiat;fastback;fastback audace 1.0 flex aut;2025;fiat;fastback audace 1.0 200 t. flex aut;001558-0;0.8171;contains;2025-08-25;2025-08-25
fiat;fastback;fastback audace 1.0 turbo 200 flex aut;2023;fiat;fastback audace 1.0 200 t. flex aut;001558-0;0.9474;contains;2025-08-25;2025-08-25
fiat;fastback;fastback audace 1.0 turbo 200 flex aut;2024;fiat;fastback audace 1.0 200 t. flex aut;001558-0;0.9474;contains;2025-08-25;2025-08-25
fiat;fastback;fastback impetus 1.0 flex aut;2023;fiat;fastback impetus 1.0 200 t. flex aut;001557-1;0.8193;contains;2025-08-25;2025-08-25
fiat;fastback;fastback impetus 1.0 flex aut;2024;fiat;fastback impetus 1.0 200 t. flex aut;001557-1;0.8193;contains;2025-08-25;2025-08-25
fiat;fastback;fastback limited edition 1.3 flex aut;2023;fiat;fastback limited ed.1.3 270 t.flex aut.;001556-3;0.6924;contains;2025-08-25;2025-08-25
fiat;fastback;fastback limited edition 1.3 flex aut;2024;fiat;fastback limited ed.1.3 270 t.flex aut.;001556-3;0.6924;contains;2025-08-25;2025-08-25
fiat;fiorino;fiorino endurance 1.4 evo flex mec;2024;fiat;fiorino endurance evo 1.4 flex 8v 2p;001531-8;0.8456;contains;2025-08-25;2025-08-25
fiat;fiorino;fiorino endurance 1.4 evo flex mec;2025;fiat;fiorino endurance evo 1.4 flex 8v 2p;001531-8;0.8456;contains;2025-08-25;2025-08-25
fiat;fiorino;fiorino endurance 1.4 flex mec;2021;fiat;fiorino endurance evo 1.4 flex 8v 2p;001531-8;0.8067;contains;2025-08-25;2025-08-25
fiat;fiorino;fiorino endurance 1.4 flex mec;2022;fiat;fiorino endurance evo 1.4 flex 8v 2p;001531-8;0.8067;contains;2025-08-25;2025-08-25
fiat;fiorino;fiorino endurance 1.4 flex mec;2023;fiat;fiorino endurance evo 1.4 flex 8v 2p;001531-8;0.8067;contains;2025-08-25;2025-08-25
fiat;fiorino;fiorino endurance 1.4 flex mec;2024;fiat;fiorino endurance evo 1.4 flex 8v 2p;001531-8;0.8067;contains;2025-08-25;2025-08-25
fiat;fiorino;fiorino endurance 1.4 flex mec;2025;fiat;fiorino endurance evo 1.4 flex 8v 2p;001531-8;0.8067;contains;2025-08-25;2025-08-25
fiat;fiorino;fiorino endurance evo 1.4 diesel mec;2022;fiat;fiorino endurance evo 1.4 flex 8v 2p;001531-8;0.7416;contains;2025-08-25;2025-08-25
fiat;fiorino;fiorino endurance evo 1.4 flex mec;2023;fiat;fiorino endurance evo 1.4 flex 8v 2p;001531-8;0.9081;contains;2025-08-25;2025-08-25
fiat;fiorino;fiorino endurance evo 1.4 flex mec;2024;fiat;fiorino endurance evo 1.4 flex 8v 2p;001531-8;0.9081;contains;2025-08-25;2025-08-25
fiat;mobi;mobi like 1.0 flex mec;2021;fiat;mobi like 1.0 fire flex 5p.;001461-3;0.7733;contains;2025-08-25;2025-08-25
fiat;mobi;mobi like 1.0 flex mec;2022;fiat;mobi like 1.0 fire flex 5p.;001461-3;0.7733;contains;2025-08-25;2025-08-25
fiat;mobi;mobi like 1.0 flex mec;2023;fiat;mobi like 1.0 fire flex 5p.;001461-3;0.7733;contains;2025-08-25;2025-08-25
fiat;mobi;mobi like 1.0 flex mec;2024;fiat;mobi like 1.0 fire flex 5p.;001461-3;0.7733;contains;2025-08-25;2025-08-25
fiat;mobi;mobi like 1.0 flex mec;2025;fiat;mobi like 1.0 fire flex 5p.;001461-3;0.7733;contains;2025-08-25;2025-08-25
fiat;mobi;mobi trekking 1.0 flex mec;2024;fiat;mobi trekking 1.0 flex 5p.;001536-9;0.885;contains;2025-08-25;2025-08-25
fiat;mobi;mobi trekking 1.0 flex mec;2025;fiat;mobi trekking 1.0 flex 5p.;001536-9;0.885;contains;2025-08-25;2025-08-25
fiat;pulse;pulse audace 1.0 flex aut;2022;fiat;pulse audace 1.0 turbo 200 flex aut.;001542-3;0.8095;contains;2025-08-25;2025-08-25
fiat;pulse;pulse audace 1.0 flex aut;2023;fiat;pulse audace 1.0 turbo 200 flex aut.;001542-3;0.8095;contains;2025-08-25;2025-08-25
fiat;pulse;pulse audace 1.0 flex aut;2024;fiat;pulse audace 1.0 turbo 200 flex aut.;001542-3;0.8095;contains;2025-08-25;2025-08-25
fiat;pulse;pulse audace 1.0 flex aut;2025;fiat;pulse audace 1.0 turbo 200 flex aut.;001542-3;0.8095;contains;2025-08-25;2025-08-25
fiat;pulse;pulse audace 1.0 turbo 200 flex aut;2024;fiat;pulse audace 1.0 turbo 200 flex aut.;001542-3;1.0;contains;2025-08-25;2025-08-25
fiat;pulse;pulse audace turbo aut 1.0 diesel;2022;fiat;pulse audace 1.0 turbo 200 flex aut.;001542-3;0.6793;contains;2025-08-25;2025-08-25
fiat;pulse;pulse audace turbo aut 1.0 flex;2023;fiat;pulse audace 1.0 turbo 200 flex aut.;001542-3;0.8271;contains;2025-08-25;2025-08-25
fiat;pulse;pulse drive 1.0 flex aut;2023;fiat;pulse drive 1.3 8v flex aut.;001544-0;0.8525;contains;2025-08-25;2025-08-25
fiat;pulse;pulse drive 1.3 flex aut;2023;fiat;pulse drive 1.3 8v flex aut.;001544-0;1.0;contains;2025-08-25;2025-08-25
fiat;pulse;pulse drive 1.3 flex aut;2024;fiat;pulse drive 1.3 8v flex aut.;001544-0;1.0;contains;2025-08-25;2025-08-25
fiat;pulse;pulse drive 1.3 flex aut;2025;fiat;pulse drive 1.3 8v flex aut.;001544-0;1.0;contains;2025-08-25;2025-08-25
fiat;strada;nova strada endurance cabine plus 1.4 flex mec;2022;fiat;strada endurance 1.4 flex 8v cs plus;001526-1;0.6672;contains;2025-08-25;2025-08-25
fiat;strada;nova strada endurance cabine plus 1.4 flex mec;2023;fiat;strada endurance 1.4 flex 8v cs plus;001526-1;0.6672;contains;2025-08-25;2025-08-25
fiat;strada;nova strada freedom cd 1.3 flex mec;2023;fiat;strada freedom 1.3 flex 8v cd;001530-0;0.8027;contains;2025-08-25;2025-08-25
fiat;strada;nova strada freedom cd 1.3 flex mec;2024;fiat;strada freedom 1.3 flex 8v cd;001530-0;0.8027;contains;2025-08-25;2025-08-25
fiat;strada;nova strada freedom cd 1.3 flex mec;2025;fiat;strada freedom 1.3 flex 8v cd;001530-0;0.8027;contains;2025-08-25;2025-08-25
fiat;strada;strada cd freedom flex 1.3 mec;2023;fiat;strada freedom 1.3 flex 8v cd;001530-0;0.8144;contains;2025-08-25;2025-08-25
fiat;strada;strada cs plus endurance flex 1.4 mec;2022;fiat;strada endurance 1.4 flex 8v cs plus;001526-1;0.7769;contains;2025-08-25;2025-08-25
fiat;strada;strada cs plus endurance flex 1.4 mec;2023;fiat;strada endurance 1.4 flex 8v cs plus;001526-1;0.7769;contains;2025-08-25;2025-08-25
fiat;strada;strada cs plus freedom flex 1.3 mec;2024;fiat;strada freedom 1.3 flex 8v  cs plus;001527-0;0.7665;contains;2025-08-25;2025-08-25
fiat;strada;strada endurance cs plus flex 1.3 mec;2024;fiat;strada endurance 1.3 flex 8v cs plus;001569-5;0.7912;contains;2025-08-25;2025-08-25
fiat;strada;strada endurance cs plus flex 1.3 mec;2025;fiat;strada endurance 1.3 flex 8v cs plus;001569-5;0.7912;contains;2025-08-25;2025-08-25
fiat;toro;toro endurance 2.0 diesel aut;2022;fiat;toro endurance 2.0 16v 4x4 diesel aut.;001520-2;0.9071;contains;2025-08-25;2025-08-25
fiat;toro;toro freedom 1.3 flex aut;2022;fiat;toro freedom 1.3 t270 4x2 flex aut.;001538-5;0.7464;contains;2025-08-25;2025-08-25
fiat;toro;toro freedom 1.3 flex aut;2023;fiat;toro freedom 1.3 t270 4x2 flex aut.;001538-5;0.7464;contains;2025-08-25;2025-08-25
fiat;toro;toro freedom 1.3 flex aut;2024;fiat;toro freedom 1.3 t270 4x2 flex aut.;001538-5;0.7464;contains;2025-08-25;2025-08-25
fiat;toro;toro freedom 1.3 flex aut;2025;fiat;toro freedom 1.3 t270 4x2 flex aut.;001538-5;0.7464;contains;2025-08-25;2025-08-25
fiat;toro;toro freedom 2.0 diesel aut;2022;fiat;toro freedom 2.0 16v 4x4 tb diesel aut.;001487-7;0.8147;contains;2025-08-25;2025-08-25
fiat;toro;toro freedom 2.0 diesel aut;2023;fiat;toro freedom 2.0 16v 4x4 tb diesel aut.;001487-7;0.8147;contains;2025-08-25;2025-08-25
fiat;toro;toro freedom turbo flex aut 4x2 1.3;2024;fiat;toro freedom 1.3 t270 4x2 flex aut.;001538-5;0.8199;contains;2025-08-25;2025-08-25
fiat;toro;toro volcano 1.3 flex aut;2024;fiat;toro volcano 1.3 t270 4x2 flex aut.;001539-3;0.7464;contains;2025-08-25;2025-08-25
fiat;toro;toro volcano 2.0 diesel aut;2022;fiat;toro volcano 2.0 16v 4x4 tb diesel aut.;001453-2;0.8147;contains;2025-08-25;2025-08-25
fiat;toro;toro volcano 2.0 diesel aut;2023;fiat;toro volcano 2.0 16v 4x4 tb diesel aut.;001453-2;0.8147;contains;2025-08-25;2025-08-25
fiat;toro;toro volcano 2.0 diesel aut;2024;fiat;toro volcano 2.0 16v 4x4 tb diesel aut.;001453-2;0.8147;contains;2025-08-25;2025-08-25
fiat;toro;toro volcano 2.0 diesel aut;2025;fiat;toro volcano 2.0 16v 4x4 tb diesel aut.;001453-2;0.8147;contains;2025-08-25;2025-08-25
fiat;toro;toro volcano 2.0 turbo diesel 4x4 aut;2022;fiat;toro volcano 2.0 16v 4x4 tb diesel aut.;001453-2;0.9459;contains;2025-08-25;2025-08-25
fiat;toro;toro volcano 2.0 turbo diesel 4x4 aut;2024;fiat;toro volcano 2.0 16v 4x4 tb diesel aut.;001453-2;0.9459;contains;2025-08-25;2025-08-25
fiat;toro;toro volcano diesel aut 4x4 2.0;2023;fiat;toro volcano 2.0 16v 4x4 tb diesel aut.;001453-2;0.7866;contains;2025-08-25;2025-08-25
fiat;toro;toro volcano diesel aut 4x4 2.0 etanol;2022;fiat;toro volcano 2.0 16v 4x4 tb diesel aut.;001453-2;0.7138;contains;2025-08-25;2025-08-25
fiat;toro;toro volcano turbo diesel aut 4x4 2.0;2023;fiat;toro volcano 2.0 16v 4x4 tb diesel aut.;001453-2;0.8919;contains;2025-08-25;2025-08-25
fiat;toro;toro volcano turbo diesel aut 4x4 2.0;2024;fiat;toro volcano 2.0 16v 4x4 tb diesel aut.;001453-2;0.8919;contains;2025-08-25;2025-08-25
ford;bronco;bronco sport wildtrak 2.0 aut;2022;ford;bronco sport wildtrak 2.0 tb 16v awd aut;003481-9;0.8193;contains;2025-08-25;2025-08-25
ford;ka;ka sedan se 1.5 flex mec;2019;ford;ka 1.5 sedan se 12v flex 4p mec.;003463-0;0.9167;contains;2025-08-25;2025-08-25
ford;ka;ka sedan se plus aut 1.5 flex;2021;ford;ka 1.5 sedan se plus 12v flex 4p aut.;003465-7;0.8621;contains;2025-08-25;2025-08-25
ford;ranger;ranger cd xlt aut 4x4 3.2 diesel;2023;ford;ranger xlt 3.2 20v 4x4 cd diesel aut.;003363-4;0.8594;contains;2025-08-25;2025-08-25
ford;ranger;ranger xl cd 2.2 diesel mec;2023;ford;ranger xl 2.2 4x4 cd diesel mec.;003426-6;0.8621;contains;2025-08-25;2025-08-25
ford;ranger;ranger xl cs 2.2 diesel mec;2023;ford;ranger xl 2.2 4x4 cs diesel mec.;003433-9;0.8621;contains;2025-08-25;2025-08-25
ford;transit;transit minibus l3h2 2.0 diesel mec;2022;ford;transit minibus vidrada 2.0 16v diesel;003482-7;0.7238;contains;2025-08-25;2025-08-25
gwm;haval;haval h6 premium hibrido hev aut 1.5 hib;2025;gwm;haval h6 premium hev (hibrido);096001-2;0.7087;contains;2025-08-25;2025-08-25
gwm;haval;haval h6 premium hibrido phev aut 1.5 hib;2024;gwm;haval h6 premium phev awd (hibrido);096002-0;0.6497;contains;2025-08-25;2025-08-25
gwm;haval;haval h6 premium hibrido phev aut 1.5 hib;2025;gwm;haval h6 premium phev awd (hibrido);096002-0;0.6497;contains;2025-08-25;2025-08-25
honda;city;city sedan exl 1.5 flex aut;2023;honda;city sedan exl 1.5 flex  16v 4p aut.;014063-5;1.0;contains;2025-08-25;2025-08-25
hyundai;creta;creta action 1.6 flex aut;2023;hyundai;creta action 1.6 16v flex aut.;015190-4;1.0;contains;2025-08-25;2025-08-25
hyundai;creta;creta action 1.6 flex aut;2024;hyundai;creta action 1.6 16v flex aut.;015190-4;1.0;contains;2025-08-25;2025-08-25
hyundai;creta;creta action 1.6 flex aut;2025;hyundai;creta action 1.6 16v flex aut.;015190-4;1.0;contains;2025-08-25;2025-08-25
hyundai;creta;creta action aut 1.6 flex;2023;hyundai;creta action 1.6 16v flex aut.;015190-4;0.92;contains;2025-08-25;2025-08-25
hyundai;creta;creta action aut 1.6 flex;2024;hyundai;creta action 1.6 16v flex aut.;015190-4;0.92;contains;2025-08-25;2025-08-25
hyundai;creta;creta action aut 1.6 flex;2025;hyundai;creta action 1.6 16v flex aut.;015190-4;0.92;contains;2025-08-25;2025-08-25
hyundai;creta;creta comfortline 1.0 flex aut;2024;hyundai;creta comfort 1.0 tb 12v flex aut.;015200-5;0.8939;contains;2025-08-25;2025-08-25
hyundai;creta;creta comfortline 1.0 flex aut;2025;hyundai;creta comfort 1.0 tb 12v flex aut.;015200-5;0.8939;contains;2025-08-25;2025-08-25
hyundai;creta;creta comfortline 1.0 tgdi turbo flex aut;2024;hyundai;creta comfort 1.0 tb 12v flex aut.;015200-5;0.9159;contains;2025-08-25;2025-08-25
hyundai;creta;creta comfortline plus tgdi flex aut 1.0;2024;hyundai;creta comfort plus 1.0 tb 12v flex aut.;015244-7;0.8146;contains;2025-08-25;2025-08-25
hyundai;creta;creta comfortline plus tgdi flex aut 1.0;2025;hyundai;creta comfort plus 1.0 tb 12v flex aut.;015244-7;0.8146;contains;2025-08-25;2025-08-25
hyundai;creta;creta limited 1.0 flex aut;2024;hyundai;creta limited 1.0 tb 12v flex aut.;015203-0;0.8877;contains;2025-08-25;2025-08-25
hyundai;creta;creta limited 1.0 tgdi turbo flex aut;2024;hyundai;creta limited 1.0 tb 12v flex aut.;015203-0;0.9121;contains;2025-08-25;2025-08-25
hyundai;creta;creta limited safety tgdi flex aut 1.0;2024;hyundai;creta limit. safety 1.0 tb 12v flex aut.;015243-9;0.8097;contains;2025-08-25;2025-08-25
hyundai;creta;creta limited safety tgdi flex aut 1.0;2025;hyundai;creta limit. safety 1.0 tb 12v flex aut.;015243-9;0.8097;contains;2025-08-25;2025-08-25
hyundai;creta;creta n line 1.0 flex aut;2024;hyundai;creta n line 1.0 tb 12v flex aut.;015212-9;0.8948;contains;2025-08-25;2025-08-25
hyundai;creta;creta platinum 1.0 flex aut;2024;hyundai;creta platinum 1.0 tb 12v flex aut.;015202-1;0.8894;contains;2025-08-25;2025-08-25
hyundai;creta;creta platinum safety tgdi flex aut 1.0;2024;hyundai;creta plat. safety 1.0 tb 12v flex aut.;015237-4;0.8122;contains;2025-08-25;2025-08-25
hyundai;creta;creta platinum safety tgdi flex aut 1.0;2025;hyundai;creta plat. safety 1.0 tb 12v flex aut.;015237-4;0.8122;contains;2025-08-25;2025-08-25
hyundai;creta;creta ultimate 2.0 flex aut;2024;hyundai;creta ultimate 2.0 16v flex aut.;015201-3;1.0;contains;2025-08-25;2025-08-25
hyundai;hb20;hb20 comfortline 1.0 flex aut;2023;hyundai;hb20 comfort 1.0 tb flex 12v aut;015214-5;0.8925;contains;2025-08-25;2025-08-25
hyundai;hb20;hb20 comfortline 1.0 flex aut;2024;hyundai;hb20 comfort 1.0 tb flex 12v aut;015214-5;0.8925;contains;2025-08-25;2025-08-25
hyundai;hb20;hb20 comfortline 1.0 flex mec;2023;hyundai;hb20 comfort 1.0 flex 12v mec.;015215-3;1.0;contains;2025-08-25;2025-08-25
hyundai;hb20;hb20 comfortline 1.0 flex mec;2024;hyundai;hb20 comfort 1.0 flex 12v mec.;015215-3;1.0;contains;2025-08-25;2025-08-25
hyundai;hb20;hb20 comfortline mt 1.0 flex mec;2023;hyundai;hb20 comfort 1.0 flex 12v mec.;015215-3;0.9148;contains;2025-08-25;2025-08-25
hyundai;hb20;hb20 comfortline mt 1.0 flex mec;2024;hyundai;hb20 comfort 1.0 flex 12v mec.;015215-3;0.9148;contains;2025-08-25;2025-08-25
hyundai;hb20;hb20 comfortline plus 1.0 flex mec;2025;hyundai;hb20 comfort plus 1.0 flex 12v mec.;015245-5;1.0;contains;2025-08-25;2025-08-25
hyundai;hb20;hb20 comfortline plus flex 1.0 mec;2024;hyundai;hb20 comfort plus 1.0 flex 12v mec.;015245-5;0.9412;contains;2025-08-25;2025-08-25
hyundai;hb20;hb20 comfortline plus flex 1.0 mec;2025;hyundai;hb20 comfort plus 1.0 flex 12v mec.;015245-5;0.9412;contains;2025-08-25;2025-08-25
hyundai;hb20;hb20 comfortline plus tgdi flex 1.0 mec;2024;hyundai;hb20 comfort plus 1.0 flex 12v mec.;015245-5;0.873;contains;2025-08-25;2025-08-25
hyundai;hb20;hb20 comfortline plus tgdi flex aut 1.0;2024;hyundai;hb20 comfort plus 1.0 tb flex 12v aut.;015236-6;0.8122;contains;2025-08-25;2025-08-25
hyundai;hb20;hb20 comfortline plus tgdi flex aut 1.0;2025;hyundai;hb20 comfort plus 1.0 tb flex 12v aut.;015236-6;0.8122;contains;2025-08-25;2025-08-25
hyundai;hb20;hb20 comfortline tgdi aut 1.0 flex;2024;hyundai;hb20 comfort 1.0 tb flex 12v aut;015214-5;0.7552;contains;2025-08-25;2025-08-25
hyundai;hb20;hb20 evolution 1.0 flex mec;2022;hyundai;hb20 evolution 1.0 flex 12v mec.;015164-5;1.0;contains;2025-08-25;2025-08-25
hyundai;hb20;hb20 limited 1.0 flex mec;2023;hyundai;hb20 limited 1.0 flex 12v mec.;015213-7;1.0;contains;2025-08-25;2025-08-25
hyundai;hb20;hb20 limited 1.0 flex mec;2024;hyundai;hb20 limited 1.0 flex 12v mec.;015213-7;1.0;contains;2025-08-25;2025-08-25
hyundai;hb20;hb20 limited plus flex 1.0 mec;2024;hyundai;hb20 limited plus 1.0 flex 12v mec.;015235-8;0.9333;contains;2025-08-25;2025-08-25
hyundai;hb20;hb20 limited plus flex 1.0 mec;2025;hyundai;hb20 limited plus 1.0 flex 12v mec.;015235-8;0.9333;contains;2025-08-25;2025-08-25
hyundai;hb20;hb20 platinum 1.0 flex aut;2023;hyundai;hb20 platinum 1.0 tb flex 12v aut.;015209-9;0.8877;contains;2025-08-25;2025-08-25
hyundai;hb20;hb20 platinum 1.0 flex aut;2024;hyundai;hb20 platinum 1.0 tb flex 12v aut.;015209-9;0.8877;contains;2025-08-25;2025-08-25
hyundai;hb20;hb20 platinum 1.0 flex mec;2022;hyundai;hb20 platinum 1.0 tb flex 12v mec.;015204-8;0.8877;contains;2025-08-25;2025-08-25
hyundai;hb20;hb20 platinum 1.0 gdi turbo flex aut;2024;hyundai;hb20 platinum 1.0 tb flex 12v aut.;015209-9;0.9189;contains;2025-08-25;2025-08-25
hyundai;hb20;hb20 platinum plus 1.0 flex aut;2024;hyundai;hb20 platinum plus 1.0 tb flex 12v aut.;015208-0;0.9042;contains;2025-08-25;2025-08-25
hyundai;hb20;hb20 platinum safety tgdi flex aut 1.0;2024;hyundai;hb20 plat. safety 1.0 tb flex 12v aut.;015233-1;0.8097;contains;2025-08-25;2025-08-25
hyundai;hb20;hb20 platinum tgdi aut 1.0 flex;2022;hyundai;hb20 platinum 1.0 tb flex 12v aut.;015209-9;0.7421;contains;2025-08-25;2025-08-25
hyundai;hb20;hb20 sense 1.0 flex mec;2023;hyundai;hb20 sense 1.0 flex 12v mec.;015165-3;1.0;contains;2025-08-25;2025-08-25
hyundai;hb20;hb20 sense 1.0 flex mec;2024;hyundai;hb20 sense 1.0 flex 12v mec.;015165-3;1.0;contains;2025-08-25;2025-08-25
hyundai;hb20;hb20 sense plus flex 1.0 mec;2024;hyundai;hb20 sense plus 1.0 flex 12v mec.;015234-0;0.9286;contains;2025-08-25;2025-08-25
hyundai;hb20;hb20 sense plus flex 1.0 mec;2025;hyundai;hb20 sense plus 1.0 flex 12v mec.;015234-0;0.9286;contains;2025-08-25;2025-08-25
hyundai;hb20;hb20 vision 1.0 flex mec;2022;hyundai;hb20 vision 1.0 flex 12v mec.;015168-8;1.0;contains;2025-08-25;2025-08-25
hyundai;hb20s;hb20s comfortline 1.0 flex aut;2024;hyundai;hb20s comfort 1.0 tb flex 12v aut.;015217-0;0.8939;contains;2025-08-25;2025-08-25
hyundai;hb20s;hb20s comfortline 1.0 flex mec;2023;hyundai;hb20s comfort 1.0  flex 12v mec.;015218-8;1.0;contains;2025-08-25;2025-08-25
hyundai;hb20s;hb20s comfortline 1.0 flex mec;2024;hyundai;hb20s comfort 1.0  flex 12v mec.;015218-8;1.0;contains;2025-08-25;2025-08-25
hyundai;hb20s;hb20s comfortline 1.0 gdi turbo flex aut;2024;hyundai;hb20s comfort 1.0 tb flex 12v aut.;015217-0;0.922;contains;2025-08-25;2025-08-25
hyundai;hb20s;hb20s comfortline mt 1.0 flex mec;2023;hyundai;hb20s comfort 1.0  flex 12v mec.;015218-8;0.9156;contains;2025-08-25;2025-08-25
hyundai;hb20s;hb20s comfortline mt 1.0 flex mec;2024;hyundai;hb20s comfort 1.0  flex 12v mec.;015218-8;0.9156;contains;2025-08-25;2025-08-25
hyundai;hb20s;hb20s comfortline plus flex 1.0 mec;2024;hyundai;hb20s comfort plus 1.0 flex 12v mec.;015239-0;0.9429;contains;2025-08-25;2025-08-25
hyundai;hb20s;hb20s comfortline plus flex 1.0 mec;2025;hyundai;hb20s comfort plus 1.0 flex 12v mec.;015239-0;0.9429;contains;2025-08-25;2025-08-25
hyundai;hb20s;hb20s comfortline plus tgdi flex aut 1.0;2024;hyundai;hb20s comfort plus 1.0 tb flex 12v aut;015240-4;0.8146;contains;2025-08-25;2025-08-25
hyundai;hb20s;hb20s comfortline plus tgdi flex aut 1.0;2025;hyundai;hb20s comfort plus 1.0 tb flex 12v aut;015240-4;0.8146;contains;2025-08-25;2025-08-25
hyundai;hb20s;hb20s comfortline tgdi aut 1.0 flex;2024;hyundai;hb20s comfort 1.0 tb flex 12v aut.;015217-0;0.7591;contains;2025-08-25;2025-08-25
hyundai;hb20s;hb20s limited plus flex 1.0 mec;2024;hyundai;hb20s limited plus 1.0  flex 12v mec.;015242-0;0.9355;contains;2025-08-25;2025-08-25
hyundai;hb20s;hb20s limited plus flex 1.0 mec;2025;hyundai;hb20s limited plus 1.0  flex 12v mec.;015242-0;0.9355;contains;2025-08-25;2025-08-25
hyundai;hb20s;hb20s platinum 1.0 flex aut;2022;hyundai;hb20s platinum 1.0 tb flex 12v aut.;015206-4;0.8894;contains;2025-08-25;2025-08-25
hyundai;hb20s;hb20s platinum 1.0 flex aut;2024;hyundai;hb20s platinum 1.0 tb flex 12v aut.;015206-4;0.8894;contains;2025-08-25;2025-08-25
hyundai;hb20s;hb20s platinum 1.0 gdi turbo flex aut;2024;hyundai;hb20s platinum 1.0 tb flex 12v aut.;015206-4;0.9198;contains;2025-08-25;2025-08-25
hyundai;hb20s;hb20s platinum plus 1.0 flex aut;2024;hyundai;hb20s platinum plus 1.0 tb flex 12v aut.;015205-6;0.9055;contains;2025-08-25;2025-08-25
hyundai;hb20s;hb20s platinum safety tgdi flex aut 1.0;2024;hyundai;hb20s plat. safety 1.0 tb flex 12v aut.;015238-2;0.8122;contains;2025-08-25;2025-08-25
hyundai;hb20s;hb20s platinum safety tgdi flex aut 1.0;2025;hyundai;hb20s plat. safety 1.0 tb flex 12v aut.;015238-2;0.8122;contains;2025-08-25;2025-08-25
hyundai;tucson;tucson gls 1.6 aut;2022;hyundai;tucson gls 1.6 turbo 16v aut.;015138-6;0.8552;contains;2025-08-25;2025-08-25
jac;e j7;e j7 eletrico 0.1 aut;2023;jac;e-j7 193cv 5p aut. (elétrico);080035-0;0.6688;contains;2025-08-25;2025-08-25
jeep;commander;commander limited 1.3 flex aut;2022;jeep;commander limited t270 1.3 tb flex aut.;017081-0;0.8214;contains;2025-08-25;2025-08-25
jeep;commander;commander limited 1.3 flex aut;2023;jeep;commander limited t270 1.3 tb flex aut.;017081-0;0.8214;contains;2025-08-25;2025-08-25
jeep;commander;commander limited 1.3 flex aut;2024;jeep;commander limited t270 1.3 tb flex aut.;017081-0;0.8214;contains;2025-08-25;2025-08-25
jeep;commander;commander limited 1.3 flex aut;2025;jeep;commander limited t270 1.3 tb flex aut.;017081-0;0.8214;contains;2025-08-25;2025-08-25
jeep;commander;commander limited 1.3 turbo 270 flex aut;2023;jeep;commander limited t270 1.3 tb flex aut.;017081-0;0.95;contains;2025-08-25;2025-08-25
jeep;commander;commander limited 1.3 turbo 270 flex aut;2024;jeep;commander limited t270 1.3 tb flex aut.;017081-0;0.95;contains;2025-08-25;2025-08-25
jeep;commander;commander limited 2.0 diesel aut;2022;jeep;commander limited td380 2.0 4x4 die.aut.;017080-1;0.8253;contains;2025-08-25;2025-08-25
jeep;commander;commander limited 2.0 diesel aut;2023;jeep;commander limited td380 2.0 4x4 die.aut.;017080-1;0.8253;contains;2025-08-25;2025-08-25
jeep;commander;commander limited 2.0 diesel aut;2024;jeep;commander limited td380 2.0 4x4 die.aut.;017080-1;0.8253;contains;2025-08-25;2025-08-25
jeep;commander;commander limited 2.0 turbo diesel 4x4 aut;2023;jeep;commander limited td380 2.0 4x4 die.aut.;017080-1;0.8;contains;2025-08-25;2025-08-25
jeep;commander;commander limited diesel 4x4 aut 2.0;2022;jeep;commander limited td380 2.0 4x4 die.aut.;017080-1;0.8073;contains;2025-08-25;2025-08-25
jeep;commander;commander limited turbo flex aut 1.3;2022;jeep;commander limited t270 1.3 tb flex aut.;017081-0;0.8694;contains;2025-08-25;2025-08-25
jeep;commander;commander limited turbo flex aut 1.3;2023;jeep;commander limited t270 1.3 tb flex aut.;017081-0;0.8694;contains;2025-08-25;2025-08-25
jeep;commander;commander overland 1.3 flex aut;2023;jeep;commander overland t270 1.3 tb flex aut.;017082-8;0.8234;contains;2025-08-25;2025-08-25
jeep;commander;commander overland 1.3 flex aut;2024;jeep;commander overland t270 1.3 tb flex aut.;017082-8;0.8234;contains;2025-08-25;2025-08-25
jeep;commander;commander overland 1.3 flex aut;2025;jeep;commander overland t270 1.3 tb flex aut.;017082-8;0.8234;contains;2025-08-25;2025-08-25
jeep;commander;commander overland 2.0 diesel aut;2023;jeep;commander overl. td380 2.0 4x4 die. aut.;017083-6;0.8271;contains;2025-08-25;2025-08-25
jeep;commander;commander overland 2.0 diesel aut;2025;jeep;commander overl. td380 2.0 4x4 die. aut.;017083-6;0.8271;contains;2025-08-25;2025-08-25
jeep;compass;compass limited 1.3 flex aut;2022;jeep;compass limited t270 1.3 tb 4x2 flex aut;017070-4;0.7558;contains;2025-08-25;2025-08-25
jeep;compass;compass limited 1.3 flex aut;2023;jeep;compass limited t270 1.3 tb 4x2 flex aut;017070-4;0.7558;contains;2025-08-25;2025-08-25
jeep;compass;compass limited 1.3 flex aut;2024;jeep;compass limited t270 1.3 tb 4x2 flex aut;017070-4;0.7558;contains;2025-08-25;2025-08-25
jeep;compass;compass limited 1.3 flex aut;2025;jeep;compass limited t270 1.3 tb 4x2 flex aut;017070-4;0.7558;contains;2025-08-25;2025-08-25
jeep;compass;compass limited 2.0 diesel aut;2021;jeep;compass limited 2.0 4x4 diesel 16v aut.;017051-8;0.9081;contains;2025-08-25;2025-08-25
jeep;compass;compass limited 2.0 diesel aut;2022;jeep;compass limited td 350 2.0 4x4 die. aut.;017077-1;0.7783;contains;2025-08-25;2025-08-25
jeep;compass;compass limited 2.0 diesel aut;2023;jeep;compass limited td 350 2.0 4x4 die. aut.;017077-1;0.7783;contains;2025-08-25;2025-08-25
jeep;compass;compass limited turbo flex aut 1.3;2022;jeep;compass limited t270 1.3 tb 4x2 flex aut;017070-4;0.8019;contains;2025-08-25;2025-08-25
jeep;compass;compass longitude 1.3 flex aut;2022;jeep;compass long. t270 1.3 tb 4x2 flex aut.;017071-2;0.7612;contains;2025-08-25;2025-08-25
jeep;compass;compass longitude 1.3 flex aut;2023;jeep;compass long. t270 1.3 tb 4x2 flex aut.;017071-2;0.7612;contains;2025-08-25;2025-08-25
jeep;compass;compass longitude 1.3 flex aut;2024;jeep;compass long. t270 1.3 tb 4x2 flex aut.;017071-2;0.7612;contains;2025-08-25;2025-08-25
jeep;compass;compass longitude 1.3 flex aut;2025;jeep;compass long. t270 1.3 tb 4x2 flex aut.;017071-2;0.7612;contains;2025-08-25;2025-08-25
jeep;compass;compass longitude 1.3 turbo 270 flex aut;2022;jeep;compass long. t270 1.3 tb 4x2 flex aut.;017071-2;0.8836;contains;2025-08-25;2025-08-25
jeep;compass;compass longitude 1.3 turbo 270 flex aut;2023;jeep;compass long. t270 1.3 tb 4x2 flex aut.;017071-2;0.8836;contains;2025-08-25;2025-08-25
jeep;compass;compass longitude 1.3 turbo 270 flex aut;2024;jeep;compass long. t270 1.3 tb 4x2 flex aut.;017071-2;0.8836;contains;2025-08-25;2025-08-25
jeep;compass;compass longitude 1.3 turbo 270 flex aut;2025;jeep;compass long. t270 1.3 tb 4x2 flex aut.;017071-2;0.8836;contains;2025-08-25;2025-08-25
jeep;compass;compass longitude 2.0 diesel aut;2021;jeep;compass longitude 2.0 4x4 dies. 16v aut.;017045-3;0.91;contains;2025-08-25;2025-08-25
jeep;compass;compass longitude 2.0 diesel aut;2022;jeep;compass long. td 350 2.0 4x4 diesel aut.;017075-5;0.7824;contains;2025-08-25;2025-08-25
jeep;compass;compass longitude 2.0 diesel aut;2023;jeep;compass long. td 350 2.0 4x4 diesel aut.;017075-5;0.7824;contains;2025-08-25;2025-08-25
jeep;compass;compass longitude 2.0 diesel aut;2024;jeep;compass long. td 350 2.0 4x4 diesel aut.;017075-5;0.7824;contains;2025-08-25;2025-08-25
jeep;compass;compass longitude 2.0 turbo diesel 4x4 aut;2023;jeep;compass long. td 350 2.0 4x4 diesel aut.;017075-5;0.7616;contains;2025-08-25;2025-08-25
jeep;compass;compass longitude flex 4x2 aut 2.0;2021;jeep;compass longitude 2.0 4x2 flex 16v aut.;017046-1;0.8824;contains;2025-08-25;2025-08-25
jeep;compass;compass longitude td350 4x4 aut 2.0 diesel;2022;jeep;compass long. td 350 2.0 4x4 diesel aut.;017075-5;0.7733;contains;2025-08-25;2025-08-25
jeep;compass;compass longitude td350 4x4 aut 2.0 diesel;2023;jeep;compass long. td 350 2.0 4x4 diesel aut.;017075-5;0.7733;contains;2025-08-25;2025-08-25
jeep;compass;compass longitude turbo flex aut 1.3;2022;jeep;compass long. t270 1.3 tb 4x2 flex aut.;017071-2;0.8071;contains;2025-08-25;2025-08-25
jeep;compass;compass longitude turbo flex aut 1.3;2023;jeep;compass long. t270 1.3 tb 4x2 flex aut.;017071-2;0.8071;contains;2025-08-25;2025-08-25
jeep;compass;compass serie s 1.3 flex aut;2023;jeep;compass s t270 1.3 tb 4x2 flex aut.;017074-7;0.7004;contains;2025-08-25;2025-08-25
jeep;compass;compass trailhawk 2.0 diesel aut;2024;jeep;compass trailhawk td350 2.0 4x4 die. aut;017078-0;0.8253;contains;2025-08-25;2025-08-25
jeep;renegade;renegade longitude 1.3 flex aut;2022;jeep;renegade long. t270 1.3 tb 4x2 flex aut.;017088-7;0.7637;contains;2025-08-25;2025-08-25
jeep;renegade;renegade longitude 1.3 flex aut;2023;jeep;renegade long. t270 1.3 tb 4x2 flex aut.;017088-7;0.7637;contains;2025-08-25;2025-08-25
jeep;renegade;renegade longitude 1.3 flex aut;2024;jeep;renegade long. t270 1.3 tb 4x2 flex aut.;017088-7;0.7637;contains;2025-08-25;2025-08-25
jeep;renegade;renegade longitude 1.3 flex aut;2025;jeep;renegade long. t270 1.3 tb 4x2 flex aut.;017088-7;0.7637;contains;2025-08-25;2025-08-25
jeep;renegade;renegade longitude 1.3 turbo 270 flex aut;2023;jeep;renegade long. t270 1.3 tb 4x2 flex aut.;017088-7;0.8852;contains;2025-08-25;2025-08-25
jeep;renegade;renegade longitude 1.3 turbo 270 flex aut;2024;jeep;renegade long. t270 1.3 tb 4x2 flex aut.;017088-7;0.8852;contains;2025-08-25;2025-08-25
jeep;renegade;renegade longitude 1.8 flex aut;2021;jeep;renegade longitude 1.8 4x2 flex 16v aut.;017035-6;0.9091;contains;2025-08-25;2025-08-25
jeep;renegade;renegade longitude 2.0 diesel aut;2021;jeep;renegade longitude 2.0 4x4 tb diesel aut;017037-2;0.8271;contains;2025-08-25;2025-08-25
jeep;renegade;renegade longitude diesel 4x4 aut 2.0 etanol;2020;jeep;renegade longitude 2.0 4x4 tb diesel aut;017037-2;0.7405;contains;2025-08-25;2025-08-25
jeep;renegade;renegade longitude flex 4x2 aut 1.8;2021;jeep;renegade longitude 1.8 4x2 flex 16v aut.;017035-6;0.8857;contains;2025-08-25;2025-08-25
jeep;renegade;renegade longitude turbo 270 flex 4x2 aut 1.3;2024;jeep;renegade long. t270 1.3 tb 4x2 flex aut.;017088-7;0.9111;contains;2025-08-25;2025-08-25
jeep;renegade;renegade serie s teto 1.3 flex aut;2023;jeep;renegade s t270 1.3 tb 4x4 flex aut.;017087-9;0.6662;contains;2025-08-25;2025-08-25
jeep;renegade;renegade sport 1.3 flex aut;2023;jeep;renegade sport t270 1.3 tb 4x2 flex aut.;017085-2;0.7528;contains;2025-08-25;2025-08-25
jeep;renegade;renegade sport 1.3 flex aut;2024;jeep;renegade sport t270 1.3 tb 4x2 flex aut.;017085-2;0.7528;contains;2025-08-25;2025-08-25
jeep;renegade;renegade sport 1.3 turbo 270 flex aut;2023;jeep;renegade sport t270 1.3 tb 4x2 flex aut.;017085-2;0.8781;contains;2025-08-25;2025-08-25
jeep;renegade;renegade sport 1.3 turbo 270 flex aut;2024;jeep;renegade sport t270 1.3 tb 4x2 flex aut.;017085-2;0.8781;contains;2025-08-25;2025-08-25
jeep;renegade;renegade sport flex 4x2 aut 1.8;2021;jeep;renegade sport 1.8 4x2 flex 16v aut.;017034-8;0.871;contains;2025-08-25;2025-08-25
mercedes benz;sprinter;sprinter van 417 16l 3665 rs ta diesel 2.0 mec;2024;mercedes-benz;sprinter 417 van l.t.a. 16l diesel (e6);021497-3;0.5464;contains;2025-08-25;2025-08-25
mitsubishi;eclipse cross;eclipse cross hpe s 1.5 aut;2023;mitsubishi;eclipse cross hpe-s 1.5 16v 165cv aut.;022170-8;0.8984;contains;2025-08-25;2025-08-25
mitsubishi;l200;l200 triton gl cd 2.4 diesel mec;2023;mitsubishi;l200 tri. outd. glx 2.4 cd 4x4 die. mec.;022189-9;0.6728;contains;2025-08-25;2025-08-25
mitsubishi;l200;l200 triton sport hpe s 2.4 diesel aut;2023;mitsubishi;l200 triton sport hpe-s 2.4 cd dies. aut;022167-8;0.9411;contains;2025-08-25;2025-08-25
mitsubishi;l200 triton;l200 triton sport gl 4x4 mt 2.4 diesel aut;2023;mitsubishi;l200 triton sport gls 2.4 cd diesel aut.;022164-3;0.753;contains;2025-08-25;2025-08-25
mitsubishi;l200 triton;l200 triton sport gl 4x4 mt 2.4 diesel mec;2023;mitsubishi;l200 triton sport gls 2.4 cd diesel aut.;022164-3;0.6549;contains;2025-08-25;2025-08-25
mitsubishi;outlander;outlander 2.0 aut;2022;mitsubishi;outlander hpe 2.0 16v 5p aut.;022171-6;0.8545;contains;2025-08-25;2025-08-25
nissan;kicks;kicks active 1.6 flex aut;2024;nissan;kicks active 1.6 16v flex aut.;023186-0;1.0;contains;2025-08-25;2025-08-25
nissan;kicks;kicks advance 1.6 flex aut;2022;nissan;kicks advance 1.6 16v flex aut.;023180-0;1.0;contains;2025-08-25;2025-08-25
nissan;kicks;kicks advance 1.6 flex aut;2024;nissan;kicks advance 1.6 16v flex aut.;023180-0;1.0;contains;2025-08-25;2025-08-25
nissan;kicks;kicks exclusive 1.6 flex aut;2024;nissan;kicks exclusive 1.6 16v flex aut.;023181-9;1.0;contains;2025-08-25;2025-08-25
nissan;kicks;kicks sense 1.6 flex aut;2022;nissan;kicks sense 1.6 16v flex aut.;023178-9;1.0;contains;2025-08-25;2025-08-25
nissan;kicks;kicks sense 1.6 flex aut;2024;nissan;kicks sense 1.6 16v flex aut.;023178-9;1.0;contains;2025-08-25;2025-08-25
nissan;kicks;kicks sense aut 1.6 flex;2022;nissan;kicks sense 1.6 16v flex aut.;023178-9;0.9167;contains;2025-08-25;2025-08-25
nissan;sentra;sentra advance aut 2.0;2023;nissan;sentra advance 2.0 16v aut.;023187-8;0.9091;contains;2025-08-25;2025-08-25
nissan;sentra;sentra advance aut 2.0;2024;nissan;sentra advance 2.0 16v aut.;023187-8;0.9091;contains;2025-08-25;2025-08-25
nissan;sentra;sentra advance aut 2.0;2025;nissan;sentra advance 2.0 16v aut.;023187-8;0.9091;contains;2025-08-25;2025-08-25
nissan;sentra;sentra exclusive premium aut 2.0;2023;nissan;sentra exclu. int. premium 2.0 16v aut.;023189-4;0.8512;contains;2025-08-25;2025-08-25
nissan;versa;versa exclusive 1.6 flex aut;2025;nissan;versa exclusive 1.6 16v flex aut.;023174-6;1.0;contains;2025-08-25;2025-08-25
peugeot;208;208 active aut 1.6 flex;2023;peugeot;208 active 1.6 flex 16v 5p aut.;024249-7;0.913;contains;2025-08-25;2025-08-25
peugeot;208;208 active aut 1.6 flex;2024;peugeot;208 active 1.6 flex 16v 5p aut.;024249-7;0.913;contains;2025-08-25;2025-08-25
peugeot;208;208 hatch active 1.6 flex aut;2022;peugeot;208 active 1.6 flex 16v 5p aut.;024249-7;0.8817;contains;2025-08-25;2025-08-25
peugeot;208;208 hatch active 1.6 flex aut;2023;peugeot;208 active 1.6 flex 16v 5p aut.;024249-7;0.8817;contains;2025-08-25;2025-08-25
peugeot;208;208 hatch active 1.6 flex aut;2024;peugeot;208 active 1.6 flex 16v 5p aut.;024249-7;0.8817;contains;2025-08-25;2025-08-25
peugeot;208;208 hatch allure 1.6 flex aut;2023;peugeot;208 allure 1.6 flex 16v 5p aut.;024215-2;0.8817;contains;2025-08-25;2025-08-25
peugeot;208;208 hatch like 1.0 flex mec;2023;peugeot;208 like 1.0 flex 6v 5p mec.;024264-0;0.8769;contains;2025-08-25;2025-08-25
peugeot;208;208 hatch like 1.0 flex mec;2024;peugeot;208 like 1.0 flex 6v 5p mec.;024264-0;0.8769;contains;2025-08-25;2025-08-25
peugeot;3008;3008 crossover gt pack thp 1.6 aut;2023;peugeot;3008 gt pack 1.6 turbo 16v 5p aut.;024253-5;0.6891;contains;2025-08-25;2025-08-25
peugeot;3008;3008 griffe thp 1.6 aut;2022;peugeot;3008 griffe 1.6 turbo 16v 5p aut.;024176-8;0.7692;contains;2025-08-25;2025-08-25
peugeot;3008;3008 griffe thp 1.6 aut;2023;peugeot;3008 griffe 1.6 turbo 16v 5p aut.;024176-8;0.7692;contains;2025-08-25;2025-08-25
peugeot;3008;3008 griffe turbo aut 1.6;2023;peugeot;3008 griffe 1.6 turbo 16v 5p aut.;024176-8;0.92;contains;2025-08-25;2025-08-25
peugeot;boxer;boxer business furgao l3h2 13 m 2.0 diesel mec;2021;peugeot;boxer business furgão 2.0 turbo diesel;024244-6;0.681;contains;2025-08-25;2025-08-25
peugeot;expert;expert cargo 1.5 diesel mec;2024;peugeot;expert cargo 1.5 turbo diesel;024260-8;0.784;contains;2025-08-25;2025-08-25
peugeot;expert;expert cargo 6.1m 1.5 diesel mec;2024;peugeot;expert cargo 1.5 turbo diesel;024260-8;0.7095;contains;2025-08-25;2025-08-25
peugeot;partner;partner rapid business pack 1.4 evo flex mec;2024;peugeot;partner rapid busin. pack 1.4 flex mec.;024263-2;0.8301;contains;2025-08-25;2025-08-25
peugeot;partner;partner rapid business pack 1.4 flex mec;2023;peugeot;partner rapid busin. pack 1.4 flex mec.;024263-2;0.8877;contains;2025-08-25;2025-08-25
peugeot;partner;partner rapid business pack 1.4 flex mec;2024;peugeot;partner rapid busin. pack 1.4 flex mec.;024263-2;0.8877;contains;2025-08-25;2025-08-25
porsche;cayenne;cayenne e hybrid v6 turbo 3.0 hib aut;2021;porsche;cayenne 3.0 v6 (híbrido);035120-2;0.4709;contains;2025-08-25;2025-08-25
renault;duster;duster iconic 1.6 flex aut;2023;renault;duster iconic 1.6 16v flex aut.;025300-6;1.0;contains;2025-08-25;2025-08-25
renault;duster;duster iconic 1.6 flex aut;2024;renault;duster iconic 1.6 16v flex aut.;025300-6;1.0;contains;2025-08-25;2025-08-25
renault;duster;duster iconic 1.6 sce flex aut;2023;renault;duster iconic 1.6 16v flex aut.;025300-6;0.9037;contains;2025-08-25;2025-08-25
renault;duster;duster iconic 1.6 sce flex aut;2024;renault;duster iconic 1.6 16v flex aut.;025300-6;0.9037;contains;2025-08-25;2025-08-25
renault;duster;duster iconic aut sce 1.6 diesel;2023;renault;duster iconic 1.6 16v flex aut.;025300-6;0.6601;contains;2025-08-25;2025-08-25
renault;duster;duster intense 1.6 flex aut;2023;renault;duster intense 1.6 16v flex aut.;025301-4;1.0;contains;2025-08-25;2025-08-25
renault;duster;duster intense 1.6 flex aut;2024;renault;duster intense 1.6 16v flex aut.;025301-4;1.0;contains;2025-08-25;2025-08-25
renault;duster;duster intense 1.6 flex mec;2024;renault;duster intense 1.6 16v flex mec.;025319-7;1.0;contains;2025-08-25;2025-08-25
renault;duster;duster intense mt 1.6 flex mec;2023;renault;duster intense 1.6 16v flex mec.;025319-7;0.9131;contains;2025-08-25;2025-08-25
renault;duster;duster intense plus flex 1.6 mec;2025;renault;duster intense plus 1.6 16v flex mec.;025325-1;0.9375;contains;2025-08-25;2025-08-25
renault;duster;duster intense plus flex aut 1.6;2024;renault;duster intense plus 1.6 16v flex aut.;025322-7;0.9375;contains;2025-08-25;2025-08-25
renault;duster;duster intense plus flex aut 1.6;2025;renault;duster intense plus 1.6 16v flex aut.;025322-7;0.9375;contains;2025-08-25;2025-08-25
renault;duster;duster zen 1.6 flex mec;2023;renault;duster zen 1.6 16v flex mec.;025303-0;1.0;contains;2025-08-25;2025-08-25
renault;duster;duster zen mt sce 1.6 flex mec;2023;renault;duster zen 1.6 16v flex mec.;025303-0;0.8268;contains;2025-08-25;2025-08-25
renault;kangoo;kangoo z e maxi 2 lugares 1.6 eletrico aut;2023;renault;kangoo z.e. maxi furgão (elétrico);025317-0;0.6836;contains;2025-08-25;2025-08-25
renault;kwid;kwid intense 1.0 flex mec;2023;renault;kwid intense 1.0 flex 12v 5p mec.;025267-0;1.0;contains;2025-08-25;2025-08-25
renault;kwid;kwid intense 1.0 flex mec;2024;renault;kwid intense 1.0 flex 12v 5p mec.;025267-0;1.0;contains;2025-08-25;2025-08-25
renault;kwid;kwid intense 1.0 flex mec;2025;renault;kwid intense 1.0 flex 12v 5p mec.;025267-0;1.0;contains;2025-08-25;2025-08-25
renault;kwid;kwid zen 1.0 flex mec;2022;renault;kwid zen 1.0 flex 12v 5p mec.;025266-2;1.0;contains;2025-08-25;2025-08-25
renault;kwid;kwid zen 1.0 flex mec;2023;renault;kwid zen 1.0 flex 12v 5p mec.;025266-2;1.0;contains;2025-08-25;2025-08-25
renault;kwid;kwid zen 1.0 flex mec;2024;renault;kwid zen 1.0 flex 12v 5p mec.;025266-2;1.0;contains;2025-08-25;2025-08-25
renault;kwid;kwid zen 1.0 flex mec;2025;renault;kwid zen 1.0 flex 12v 5p mec.;025266-2;1.0;contains;2025-08-25;2025-08-25
renault;kwid;kwid zen 1.0 sce flex mec;2024;renault;kwid zen 1.0 flex 12v 5p mec.;025266-2;0.8959;contains;2025-08-25;2025-08-25
renault;kwid;kwid zen 1.0 sce flex mec;2025;renault;kwid zen 1.0 flex 12v 5p mec.;025266-2;0.8959;contains;2025-08-25;2025-08-25
renault;logan;logan zen 1.0 flex mec;2022;renault;logan zen flex 1.0 12v 4p mec.;025290-5;0.9091;contains;2025-08-25;2025-08-25
renault;logan;logan zen 1.6 flex mec;2022;renault;logan zen flex 1.6 16v 4p mec.;025291-3;0.9091;contains;2025-08-25;2025-08-25
renault;master;master furgao l1h1 8m 2.3 diesel mec;2021;renault;master 2.3 dci furgão 16v diesel;025196-8;0.6125;contains;2025-08-25;2025-08-25
renault;master;master furgao l1h1 8m 2.3 diesel mec;2023;renault;master 2.3 dci furgão 16v diesel;025196-8;0.6125;contains;2025-08-25;2025-08-25
renault;master;master minibus executive l3h2 2.3 diesel mec;2023;renault;master 2.3 dci executive longo 16l dies;025205-0;0.5808;contains;2025-08-25;2025-08-25
renault;master;master minibus executive l3h2 2.3 diesel mec;2024;renault;master 2.3 dci executive longo 16l dies;025205-0;0.5808;contains;2025-08-25;2025-08-25
renault;oroch;duster oroch intense sce mt 1.6 flex mec;2023;renault;oroch intense 1.6 flex 16v mec.;025312-0;0.7497;contains;2025-08-25;2025-08-25
renault;oroch;duster oroch pro sce mt 1.6 flex mec;2023;renault;oroch pro 1.6 flex 16v mec.;025313-8;0.7351;contains;2025-08-25;2025-08-25
renault;oroch;duster oroch pro sce mt 1.6 flex mec;2025;renault;oroch pro 1.6 flex 16v mec.;025313-8;0.7351;contains;2025-08-25;2025-08-25
renault;oroch;oroch intense 1.6 flex mec;2025;renault;oroch intense 1.6 flex 16v mec.;025312-0;1.0;contains;2025-08-25;2025-08-25
renault;oroch;oroch pro 1.6 flex mec;2023;renault;oroch pro 1.6 flex 16v mec.;025313-8;1.0;contains;2025-08-25;2025-08-25
renault;oroch;oroch pro 1.6 flex mec;2024;renault;oroch pro 1.6 flex 16v mec.;025313-8;1.0;contains;2025-08-25;2025-08-25
renault;sandero;stepway zen mt sce 1.6 flex mec;2021;renault;sandero zen flex 1.6 16v 5p mec.;025285-9;0.5727;contains;2025-08-25;2025-08-25
toyota;corolla;corolla gli 2.0 flex aut;2023;toyota;corolla gli 2.0 16v flex aut.;002181-4;1.0;contains;2025-08-25;2025-08-25
toyota;corolla;corolla xei 2.0 flex aut;2022;toyota;corolla xei 2.0 flex 16v aut.;002111-3;1.0;contains;2025-08-25;2025-08-25
toyota;corolla;corolla xei 2.0 flex aut;2023;toyota;corolla xei 2.0 flex 16v aut.;002111-3;1.0;contains;2025-08-25;2025-08-25
toyota;corolla;corolla xei vvt ie aut 2.0 flex;2022;toyota;corolla xei 2.0 flex 16v aut.;002111-3;0.7565;contains;2025-08-25;2025-08-25
toyota;corolla;corolla xei vvt ie aut 2.0 flex;2023;toyota;corolla xei 2.0 flex 16v aut.;002111-3;0.7565;contains;2025-08-25;2025-08-25
toyota;corolla;corolla xei vvt ie aut 2.0 flex;2024;toyota;corolla xei 2.0 flex 16v aut.;002111-3;0.7565;contains;2025-08-25;2025-08-25
toyota;corolla cross;corolla cross xre 2.0 flex aut;2024;toyota;corolla cross xre 2.0 16v flex aut.;002203-9;1.0;contains;2025-08-25;2025-08-25
toyota;corolla cross;corolla cross xrv 1.8 hibrido aut;2024;toyota;corolla cross xrv 1.8 16v aut. (híbrido);002200-4;0.9394;contains;2025-08-25;2025-08-25
toyota;corolla cross;corolla cross xrv 1.8 hibrido aut;2025;toyota;corolla cross xrv 1.8 16v aut. (híbrido);002200-4;0.9394;contains;2025-08-25;2025-08-25
toyota;hilux;hilux cd sr 2.8 diesel aut;2024;toyota;hilux cd 4x4 2.8  diesel aut.;002218-7;0.8457;contains;2025-08-25;2025-08-25
toyota;hilux;hilux cd std 2.8 diesel mec;2023;toyota;hilux cd 4x4 2.8 diesel mec.;002015-0;0.8373;contains;2025-08-25;2025-08-25
toyota;hilux;hilux cd std power pack mt 4x4 2.8 diesel mec;2024;toyota;hilux cd 4x4 2.8 diesel mec.;002015-0;0.72;contains;2025-08-25;2025-08-25
toyota;sw4;sw4 srv 2.7 flex aut;2020;toyota;hilux sw4 srv 4x2 2.7 flex 16v aut.;002160-1;0.7929;contains;2025-08-25;2025-08-25
toyota;yaris;yaris sedan xl aut 1.5 flex;2023;toyota;yaris xl sedan 1.5 flex 16v 4p aut.;002168-7;0.8704;contains;2025-08-25;2025-08-25
volkswagen;amarok;amarok cd v6 comfortline aut 4x4 3.0 diesel;2023;vw - volkswagen;amarok comfor. 3.0 v6 tdi 4x4 dies. aut.;005532-8;0.7744;contains;2025-08-25;2025-08-25
volkswagen;amarok;amarok cd v6 highline aut 4x4 3.0 diesel;2023;vw - volkswagen;amarok highline cd 3.0 4x4 tb dies. aut.;005483-6;0.7554;contains;2025-08-25;2025-08-25
volkswagen;amarok;amarok extreme cd 3.0 diesel aut;2023;vw - volkswagen;amarok extreme cd 3.0 4x4 tb dies. aut.;005506-9;0.8396;contains;2025-08-25;2025-08-25
volkswagen;amarok;amarok highline cd 3.0 diesel aut;2024;vw - volkswagen;amarok highline cd 3.0 4x4 tb dies. aut.;005483-6;0.8414;contains;2025-08-25;2025-08-25
volkswagen;gol;gol 1.0 flex mec;2022;vw - volkswagen;gol 1.0 flex 12v 5p;005490-9;0.8357;contains;2025-08-25;2025-08-25
volkswagen;gol;gol 1.0 flex mec;2023;vw - volkswagen;gol 1.0 flex 12v 5p;005490-9;0.8357;contains;2025-08-25;2025-08-25
volkswagen;gol;gol 1.6 flex mec;2022;vw - volkswagen;gol 1.6 msi flex 8v 5p;005491-7;0.72;contains;2025-08-25;2025-08-25
volkswagen;gol;gol mpi 1.0 flex mec;2021;vw - volkswagen;gol 1.0 flex 12v 5p;005490-9;0.72;contains;2025-08-25;2025-08-25
volkswagen;gol;gol mpi 1.0 flex mec;2022;vw - volkswagen;gol 1.0 flex 12v 5p;005490-9;0.72;contains;2025-08-25;2025-08-25
volkswagen;gol;gol mpi 1.0 flex mec;2023;vw - volkswagen;gol 1.0 flex 12v 5p;005490-9;0.72;contains;2025-08-25;2025-08-25
volkswagen;nivus;nivus comfortline 1.0 200 tsi total flex aut;2024;vw - volkswagen;nivus comfortline 1.0 200 tsi flex aut.;005525-5;0.9184;contains;2025-08-25;2025-08-25
volkswagen;nivus;nivus comfortline 1.0 flex aut;2022;vw - volkswagen;nivus comfortline 1.0 200 tsi flex aut.;005525-5;0.834;contains;2025-08-25;2025-08-25
volkswagen;nivus;nivus comfortline 1.0 flex aut;2023;vw - volkswagen;nivus comfortline 1.0 200 tsi flex aut.;005525-5;0.834;contains;2025-08-25;2025-08-25
volkswagen;nivus;nivus comfortline 1.0 flex aut;2024;vw - volkswagen;nivus comfortline 1.0 200 tsi flex aut.;005525-5;0.834;contains;2025-08-25;2025-08-25
volkswagen;nivus;nivus comfortline 200 tsi aut 1.0 flex;2024;vw - volkswagen;nivus comfortline 1.0 200 tsi flex aut.;005525-5;0.8947;contains;2025-08-25;2025-08-25
volkswagen;nivus;nivus highline 1.0 200 tsi total flex aut;2023;vw - volkswagen;nivus highline 1.0 200 tsi flex aut.;005526-3;0.9155;contains;2025-08-25;2025-08-25
volkswagen;nivus;nivus highline 1.0 200 tsi total flex aut;2024;vw - volkswagen;nivus highline 1.0 200 tsi flex aut.;005526-3;0.9155;contains;2025-08-25;2025-08-25
volkswagen;nivus;nivus highline 1.0 flex aut;2021;vw - volkswagen;nivus highline 1.0 200 tsi flex aut.;005526-3;0.8283;contains;2025-08-25;2025-08-25
volkswagen;nivus;nivus highline 1.0 flex aut;2022;vw - volkswagen;nivus highline 1.0 200 tsi flex aut.;005526-3;0.8283;contains;2025-08-25;2025-08-25
volkswagen;nivus;nivus highline 1.0 flex aut;2023;vw - volkswagen;nivus highline 1.0 200 tsi flex aut.;005526-3;0.8283;contains;2025-08-25;2025-08-25
volkswagen;nivus;nivus highline 1.0 flex aut;2024;vw - volkswagen;nivus highline 1.0 200 tsi flex aut.;005526-3;0.8283;contains;2025-08-25;2025-08-25
volkswagen;nivus;nivus highline 200 tsi aut 1.0 diesel;2022;vw - volkswagen;nivus highline 1.0 200 tsi flex aut.;005526-3;0.7683;contains;2025-08-25;2025-08-25
volkswagen;nivus;nivus highline 200 tsi aut 1.0 flex;2021;vw - volkswagen;nivus highline 1.0 200 tsi flex aut.;005526-3;0.8857;contains;2025-08-25;2025-08-25
volkswagen;nivus;nivus highline 200 tsi aut 1.0 flex;2023;vw - volkswagen;nivus highline 1.0 200 tsi flex aut.;005526-3;0.8857;contains;2025-08-25;2025-08-25
volkswagen;nivus;nivus highline 200 tsi aut 1.0 flex;2024;vw - volkswagen;nivus highline 1.0 200 tsi flex aut.;005526-3;0.8857;contains;2025-08-25;2025-08-25
volkswagen;polo;polo 1.0 flex mec;2023;vw - volkswagen;polo 1.0 mpi flex 12v 5p;005533-6;0.7274;contains;2025-08-25;2025-08-25
volkswagen;polo;polo 1.0 flex mec;2024;vw - volkswagen;polo 1.0 mpi flex 12v 5p;005533-6;0.7274;contains;2025-08-25;2025-08-25
volkswagen;polo;polo 1.0 flex mec;2025;vw - volkswagen;polo 1.0 mpi flex 12v 5p;005533-6;0.7274;contains;2025-08-25;2025-08-25
volkswagen;polo;polo 1.0 mpi flex mec;2024;vw - volkswagen;polo 1.0 mpi flex 12v 5p;005533-6;0.874;contains;2025-08-25;2025-08-25
volkswagen;polo;polo 1.0 tsi flex mec;2024;vw - volkswagen;polo 1.0 tsi flex 12v 5p;005534-4;0.874;contains;2025-08-25;2025-08-25
volkswagen;polo;polo comfortline 1.0 flex aut;2024;vw - volkswagen;polo comfortline tsi 1.0 flex 12v aut.;005535-2;0.9071;contains;2025-08-25;2025-08-25
volkswagen;polo;polo comfortline 1.0 flex aut;2025;vw - volkswagen;polo comfortline tsi 1.0 flex 12v aut.;005535-2;0.9071;contains;2025-08-25;2025-08-25
volkswagen;polo;polo comfortline 1.0 tsi flex aut;2025;vw - volkswagen;polo comfortline tsi 1.0 flex 12v aut.;005535-2;0.9394;contains;2025-08-25;2025-08-25
volkswagen;polo;polo gts 1.4 flex aut;2021;vw - volkswagen;polo gts 1.4 tsi 16v flex;005521-2;0.7781;contains;2025-08-25;2025-08-25
volkswagen;polo;polo highline 1.0 flex aut;2024;vw - volkswagen;polo highline tsi 1.0 flex 12v aut.;005536-0;0.9037;contains;2025-08-25;2025-08-25
volkswagen;polo;polo highline 1.0 flex aut;2025;vw - volkswagen;polo highline tsi 1.0 flex 12v aut.;005536-0;0.9037;contains;2025-08-25;2025-08-25
volkswagen;polo;polo highline 1.0 tsi flex aut;2024;vw - volkswagen;polo highline tsi 1.0 flex 12v aut.;005536-0;0.9333;contains;2025-08-25;2025-08-25
volkswagen;polo;polo mpi flex 1.0 mec;2023;vw - volkswagen;polo 1.0 mpi flex 12v 5p;005533-6;0.7688;contains;2025-08-25;2025-08-25
volkswagen;polo;polo mpi track flex mt 1.0 mec;2024;vw - volkswagen;polo track 1.0 flex 12v 5p;005540-9;0.6386;contains;2025-08-25;2025-08-25
volkswagen;polo;polo track 1.0 flex mec;2023;vw - volkswagen;polo track 1.0 flex 12v 5p;005540-9;0.879;contains;2025-08-25;2025-08-25
volkswagen;polo;polo track 1.0 flex mec;2024;vw - volkswagen;polo track 1.0 flex 12v 5p;005540-9;0.879;contains;2025-08-25;2025-08-25
volkswagen;polo;polo track 1.0 flex mec;2025;vw - volkswagen;polo track 1.0 flex 12v 5p;005540-9;0.879;contains;2025-08-25;2025-08-25
volkswagen;polo;polo track 1.0 flex sm mec;2024;vw - volkswagen;polo track 1.0 flex 12v 5p;005540-9;0.7956;contains;2025-08-25;2025-08-25
volkswagen;polo;polo track 1.0 flex sm mec;2025;vw - volkswagen;polo track 1.0 flex 12v 5p;005540-9;0.7956;contains;2025-08-25;2025-08-25
volkswagen;polo;polo tsi flex mt 1.0 mec;2024;vw - volkswagen;polo 1.0 tsi flex 12v 5p;005534-4;0.6904;contains;2025-08-25;2025-08-25
volkswagen;polo;polo tsi flex mt 1.0 mec;2025;vw - volkswagen;polo 1.0 tsi flex 12v 5p;005534-4;0.6904;contains;2025-08-25;2025-08-25
volkswagen;saveiro;saveiro cs robust 1.6 flex mec;2023;vw - volkswagen;saveiro robust 1.6 total flex 8v;005459-3;0.7223;contains;2025-08-25;2025-08-25
volkswagen;saveiro;saveiro extreme cd flex 1.6 mec;2025;vw - volkswagen;saveiro extreme 1.6 flex 16v cd;005546-8;0.8359;contains;2025-08-25;2025-08-25
volkswagen;saveiro;saveiro robust 1.6 flex mec;2023;vw - volkswagen;saveiro robust 1.6 total flex 8v;005459-3;0.784;contains;2025-08-25;2025-08-25
volkswagen;saveiro;saveiro robust 1.6 flex mec;2024;vw - volkswagen;saveiro robust 1.6 total flex 16v;005538-7;0.784;contains;2025-08-25;2025-08-25
volkswagen;saveiro;saveiro robust 1.6 flex mec;2025;vw - volkswagen;saveiro robust 1.6 total flex 16v;005538-7;0.784;contains;2025-08-25;2025-08-25
volkswagen;saveiro;saveiro robust 1.6 total flex mec;2023;vw - volkswagen;saveiro robust 1.6 total flex 8v;005459-3;0.9071;contains;2025-08-25;2025-08-25
volkswagen;saveiro;saveiro robust 1.6 total flex mec;2024;vw - volkswagen;saveiro robust 1.6 total flex 16v;005538-7;0.9071;contains;2025-08-25;2025-08-25
volkswagen;saveiro;saveiro robust cd 1.6 flex mec;2025;vw - volkswagen;saveiro robust 1.6 total flex 16v cd;005537-9;0.7961;contains;2025-08-25;2025-08-25
volkswagen;saveiro;saveiro robust cd flex 1.6 mec;2023;vw - volkswagen;saveiro robust 1.6 total flex 8v cd;005472-0;0.7477;contains;2025-08-25;2025-08-25
volkswagen;saveiro;saveiro robust cs flex 1.6 mec;2024;vw - volkswagen;saveiro robust 1.6 total flex 16v;005538-7;0.6715;contains;2025-08-25;2025-08-25
volkswagen;saveiro;saveiro trendline 1.6 flex mec;2023;vw - volkswagen;saveiro trendline 1.6 total flex 16v;005531-0;0.7927;contains;2025-08-25;2025-08-25
volkswagen;t cross;t cross 1.0 200 tsi total flex aut;2023;vw - volkswagen;t-cross 200 tsi 1.0  flex 12v 5p aut.;005510-7;0.8582;contains;2025-08-25;2025-08-25
volkswagen;t cross;t cross 1.0 200 tsi total flex aut;2024;vw - volkswagen;t-cross 200 tsi 1.0  flex 12v 5p aut.;005510-7;0.8582;contains;2025-08-25;2025-08-25
volkswagen;t cross;t cross 1.0 200 tsi total flex aut;2025;vw - volkswagen;t-cross 200 tsi 1.0  flex 12v 5p aut.;005510-7;0.8582;contains;2025-08-25;2025-08-25
volkswagen;t cross;t cross 1.0 flex aut;2022;vw - volkswagen;t-cross 200 tsi 1.0  flex 12v 5p aut.;005510-7;0.8095;contains;2025-08-25;2025-08-25
volkswagen;t cross;t cross 1.0 flex aut;2023;vw - volkswagen;t-cross 200 tsi 1.0  flex 12v 5p aut.;005510-7;0.8095;contains;2025-08-25;2025-08-25
volkswagen;t cross;t cross 1.0 flex aut;2024;vw - volkswagen;t-cross 200 tsi 1.0  flex 12v 5p aut.;005510-7;0.8095;contains;2025-08-25;2025-08-25
volkswagen;t cross;t cross 1.0 flex aut;2025;vw - volkswagen;t-cross 200 tsi 1.0  flex 12v 5p aut.;005510-7;0.8095;contains;2025-08-25;2025-08-25
volkswagen;t cross;t cross 200 tsi aut 1.0 flex;2022;vw - volkswagen;t-cross 200 tsi 1.0  flex 12v 5p aut.;005510-7;0.9286;contains;2025-08-25;2025-08-25
volkswagen;t cross;t cross comfortline 1.0 200 tsi total flex aut;2023;vw - volkswagen;t-cross comfor. 200 tsi 1.0 flex 5p aut.;005509-3;0.8904;contains;2025-08-25;2025-08-25
volkswagen;t cross;t cross comfortline 1.0 200 tsi total flex aut;2024;vw - volkswagen;t-cross comfor. 200 tsi 1.0 flex 5p aut.;005509-3;0.8904;contains;2025-08-25;2025-08-25
volkswagen;t cross;t cross comfortline 1.0 flex aut;2021;vw - volkswagen;t-cross comfor. 200 tsi 1.0 flex 5p aut.;005509-3;0.8516;contains;2025-08-25;2025-08-25
volkswagen;t cross;t cross comfortline 1.0 flex aut;2022;vw - volkswagen;t-cross comfor. 200 tsi 1.0 flex 5p aut.;005509-3;0.8516;contains;2025-08-25;2025-08-25
volkswagen;t cross;t cross comfortline 1.0 flex aut;2023;vw - volkswagen;t-cross comfor. 200 tsi 1.0 flex 5p aut.;005509-3;0.8516;contains;2025-08-25;2025-08-25
volkswagen;t cross;t cross comfortline 1.0 flex aut;2024;vw - volkswagen;t-cross comfor. 200 tsi 1.0 flex 5p aut.;005509-3;0.8516;contains;2025-08-25;2025-08-25
volkswagen;t cross;t cross comfortline 1.0 flex aut;2025;vw - volkswagen;t-cross comfor. 200 tsi 1.0 flex 5p aut.;005509-3;0.8516;contains;2025-08-25;2025-08-25
volkswagen;t cross;t cross comfortline 200 tsi aut 1.0 diesel;2022;vw - volkswagen;t-cross comfor. 200 tsi 1.0 flex 5p aut.;005509-3;0.8205;contains;2025-08-25;2025-08-25
volkswagen;t cross;t cross comfortline 200 tsi aut 1.0 flex;2024;vw - volkswagen;t-cross comfor. 200 tsi 1.0 flex 5p aut.;005509-3;0.95;contains;2025-08-25;2025-08-25
volkswagen;t cross;t cross highline 1.4 250 tsi total flex aut;2022;vw - volkswagen;t-cross hig. 250 tsi 1.4 flex 16v 5p aut;005508-5;0.8851;contains;2025-08-25;2025-08-25
volkswagen;t cross;t cross highline 1.4 250 tsi total flex aut;2023;vw - volkswagen;t-cross hig. 250 tsi 1.4 flex 16v 5p aut;005508-5;0.8851;contains;2025-08-25;2025-08-25
volkswagen;t cross;t cross highline 1.4 250 tsi total flex aut;2024;vw - volkswagen;t-cross hig. 250 tsi 1.4 flex 16v 5p aut;005508-5;0.8851;contains;2025-08-25;2025-08-25
volkswagen;t cross;t cross highline 1.4 250 tsi total flex aut;2025;vw - volkswagen;t-cross hig. 250 tsi 1.4 flex 16v 5p aut;005508-5;0.8851;contains;2025-08-25;2025-08-25
volkswagen;t cross;t cross highline 1.4 flex aut;2020;vw - volkswagen;t-cross hig. 250 tsi 1.4 flex 16v 5p aut;005508-5;0.8465;contains;2025-08-25;2025-08-25
volkswagen;t cross;t cross highline 1.4 flex aut;2021;vw - volkswagen;t-cross hig. 250 tsi 1.4 flex 16v 5p aut;005508-5;0.8465;contains;2025-08-25;2025-08-25
volkswagen;t cross;t cross highline 1.4 flex aut;2022;vw - volkswagen;t-cross hig. 250 tsi 1.4 flex 16v 5p aut;005508-5;0.8465;contains;2025-08-25;2025-08-25
volkswagen;t cross;t cross highline 1.4 flex aut;2023;vw - volkswagen;t-cross hig. 250 tsi 1.4 flex 16v 5p aut;005508-5;0.8465;contains;2025-08-25;2025-08-25
volkswagen;t cross;t cross highline 1.4 flex aut;2024;vw - volkswagen;t-cross hig. 250 tsi 1.4 flex 16v 5p aut;005508-5;0.8465;contains;2025-08-25;2025-08-25
volkswagen;t cross;t cross highline 1.4 flex aut;2025;vw - volkswagen;t-cross hig. 250 tsi 1.4 flex 16v 5p aut;005508-5;0.8465;contains;2025-08-25;2025-08-25
volkswagen;t cross;t cross highline 250 tsi aut 1.4 flex;2022;vw - volkswagen;t-cross hig. 250 tsi 1.4 flex 16v 5p aut;005508-5;0.9459;contains;2025-08-25;2025-08-25
volkswagen;taos;taos comfortline 1.4 250 tsi total flex aut;2023;vw - volkswagen;taos comfortline 1.4 250 tsi flex aut.;005527-1;0.9175;contains;2025-08-25;2025-08-25
volkswagen;taos;taos comfortline 1.4 flex aut;2022;vw - volkswagen;taos comfortline 1.4 250 tsi flex aut.;005527-1;0.8323;contains;2025-08-25;2025-08-25
volkswagen;taos;taos comfortline 1.4 flex aut;2023;vw - volkswagen;taos comfortline 1.4 250 tsi flex aut.;005527-1;0.8323;contains;2025-08-25;2025-08-25
volkswagen;taos;taos comfortline 1.4 flex aut;2024;vw - volkswagen;taos comfortline 1.4 250 tsi flex aut.;005527-1;0.8323;contains;2025-08-25;2025-08-25
volkswagen;taos;taos highline 1.4 250 tsi total flex aut;2022;vw - volkswagen;taos highline 1.4 250 tsi flex aut.;005528-0;0.9145;contains;2025-08-25;2025-08-25
volkswagen;taos;taos highline 1.4 250 tsi total flex aut;2023;vw - volkswagen;taos highline 1.4 250 tsi flex aut.;005528-0;0.9145;contains;2025-08-25;2025-08-25
volkswagen;taos;taos highline 1.4 250 tsi total flex aut;2024;vw - volkswagen;taos highline 1.4 250 tsi flex aut.;005528-0;0.9145;contains;2025-08-25;2025-08-25
volkswagen;taos;taos highline 1.4 flex aut;2022;vw - volkswagen;taos highline 1.4 250 tsi flex aut.;005528-0;0.8262;contains;2025-08-25;2025-08-25
volkswagen;taos;taos highline 1.4 flex aut;2023;vw - volkswagen;taos highline 1.4 250 tsi flex aut.;005528-0;0.8262;contains;2025-08-25;2025-08-25
volkswagen;taos;taos highline 1.4 flex aut;2024;vw - volkswagen;taos highline 1.4 250 tsi flex aut.;005528-0;0.8262;contains;2025-08-25;2025-08-25
volkswagen;tiguan;tiguan allspace r line 2.0 aut;2021;vw - volkswagen;tiguan allspac r-line 350 tsi 2.0 4x4;005489-5;0.6395;contains;2025-08-25;2025-08-25
volkswagen;tiguan;tiguan allspace r line 300 tsi aut 2.0;2024;vw - volkswagen;tiguan allspac r-line 300 tsi 2.0;005547-6;0.8381;contains;2025-08-25;2025-08-25
volkswagen;virtus;virtus 1.6 flex aut;2022;vw - volkswagen;virtus 1.6 msi flex 16v 4p aut.;005500-0;0.879;contains;2025-08-25;2025-08-25
volkswagen;virtus;virtus comfortline 1.0 200 tsi total flex aut;2024;vw - volkswagen;virtus comfort. 200 tsi 1.0 flex 12v aut;005485-2;0.8836;contains;2025-08-25;2025-08-25
volkswagen;virtus;virtus comfortline 1.0 flex aut;2022;vw - volkswagen;virtus comfort. 200 tsi 1.0 flex 12v aut;005485-2;0.8357;contains;2025-08-25;2025-08-25
volkswagen;virtus;virtus comfortline 1.0 flex aut;2024;vw - volkswagen;virtus comfort. 200 tsi 1.0 flex 12v aut;005485-2;0.8357;contains;2025-08-25;2025-08-25
volkswagen;virtus;virtus comfortline 1.0 flex aut;2025;vw - volkswagen;virtus comfort. 200 tsi 1.0 flex 12v aut;005485-2;0.8357;contains;2025-08-25;2025-08-25
volkswagen;virtus;virtus comfortline 200 tsi aut 1.0 flex;2022;vw - volkswagen;virtus comfort. 200 tsi 1.0 flex 12v aut;005485-2;0.9487;contains;2025-08-25;2025-08-25
volkswagen;virtus;virtus highline 1.0 200 tsi total flex aut;2024;vw - volkswagen;virtus highline 200 tsi 1.0 flex 12v aut;005484-4;0.8781;contains;2025-08-25;2025-08-25
volkswagen;virtus;virtus highline 1.0 200 tsi total flex aut;2025;vw - volkswagen;virtus highline 200 tsi 1.0 flex 12v aut;005484-4;0.8781;contains;2025-08-25;2025-08-25
volkswagen;virtus;virtus highline 1.0 flex aut;2022;vw - volkswagen;virtus highline 200 tsi 1.0 flex 12v aut;005484-4;0.8304;contains;2025-08-25;2025-08-25
volkswagen;virtus;virtus highline 1.0 flex aut;2023;vw - volkswagen;virtus highline 200 tsi 1.0 flex 12v aut;005484-4;0.8304;contains;2025-08-25;2025-08-25
volkswagen;virtus;virtus highline 1.0 flex aut;2024;vw - volkswagen;virtus highline 200 tsi 1.0 flex 12v aut;005484-4;0.8304;contains;2025-08-25;2025-08-25
volkswagen;virtus;virtus highline 1.0 flex aut;2025;vw - volkswagen;virtus highline 200 tsi 1.0 flex 12v aut;005484-4;0.8304;contains;2025-08-25;2025-08-25
volkswagen;virtus;virtus msi aut 1.6 flex;2021;vw - volkswagen;virtus 1.6 msi flex 16v 4p aut.;005500-0;0.8261;contains;2025-08-25;2025-08-25
volkswagen;virtus;virtus tsi flex 1.0 aut;2023;vw - volkswagen;virtus tsi 1.0 flex 12v 4p aut.;005543-3;0.913;contains;2025-08-25;2025-08-25
volkswagen;virtus;virtus tsi flex 1.0 mec;2023;vw - volkswagen;virtus tsi 1.0 flex 12v 4p mec.;005542-5;0.913;contains;2025-08-25;2025-08-25
volkswagen;virtus;virtus tsi flex 1.0 mec;2024;vw - volkswagen;virtus tsi 1.0 flex 12v 4p mec.;005542-5;0.913;contains;2025-08-25;2025-08-25
volkswagen;virtus;virtus tsi flex 1.0 mec;2025;vw - volkswagen;virtus tsi 1.0 flex 12v 4p mec.;005542-5;0.913;contains;2025-08-25;2025-08-25
volkswagen;virtus;virtus tsi flex aut 1.0;2024;vw - volkswagen;virtus tsi 1.0 flex 12v 4p aut.;005543-3;0.913;contains;2025-08-25;2025-08-25
volkswagen;virtus;virtus tsi flex aut 1.0;2025;vw - volkswagen;virtus tsi 1.0 flex 12v 4p aut.;005543-3;0.913;contains;2025-08-25;2025-08-25
volkswagen;voyage;voyage 1.0 flex mec;2022;vw - volkswagen;voyage 1.0 flex 12v 4p;005492-5;0.8483;contains;2025-08-25;2025-08-25
volkswagen;voyage;voyage 1.0 flex mec;2023;vw - volkswagen;voyage 1.0 flex 12v 4p;005492-5;0.8483;contains;2025-08-25;2025-08-25
volkswagen;voyage;voyage 1.0 mpi total flex mec;2023;vw - volkswagen;voyage 1.0 flex 12v 4p;005492-5;0.6409;contains;2025-08-25;2025-08-25
volkswagen;voyage;voyage 1.6 flex mec;2022;vw - volkswagen;voyage 1.6 msi flex 8v 4p;005493-3;0.7397;contains;2025-08-25;2025-08-25
volkswagen;voyage;voyage mpi 1.0 flex mec;2023;vw - volkswagen;voyage 1.0 flex 12v 4p;005492-5;0.7397;contains;2025-08-25;2025-08-25
volvo;xc 60;xc 60 t8 inscription expression 2.0 hib aut;2022;volvo;xc 60 t-8 insc. express. 2.0 (híbrido);029151-0;0.6452;contains;2025-08-25;2025-08-25
volvo;xc 60;xc 60 t8 plus 2.0 hib aut;2024;volvo;xc 60 t-8 plus 2.0 awd (híbrido);029159-5;0.6145;contains;2025-08-25;2025-08-25
volvo;xc 60;xc 60 t8 ultimate dark 2.0 hib aut;2023;volvo;xc 60 t-8 ultim.dark 2.0 awd (híbrido);029157-9;0.6708;contains;2025-08-25;2025-08-25
volvo;xc 60;xc 60 t8 ultimate dark 2.0 hib aut;2024;volvo;xc 60 t-8 ultim.dark 2.0 awd (híbrido);029157-9;0.6708;contains;2025-08-25;2025-08-25
volvo;xc 90;xc 90 t8 ultimate 2.0 hib aut;2023;volvo;xc 90 t-8 ultimate 2.0 awd (híbrido);029154-4;0.6296;contains;2025-08-25;2025-08-25
